,SpeakerDyad,ListenerDyad,SpeakerExtract,ListenerExtract,SpeakerID,ListenerID,VideoPath,AudioPath,Condition,Modality,SpeakerSex,Duration,DisplayedDyad
0,1,1,3,3,F1,M1,./stim/processed_extracts/true/1\3_va.mov,./stim/processed_extracts/audio/1/3_audio.wav,TRUE,va,F,26,1
1,1,1,3,3,F1,M1,./stim/processed_extracts/true/1\3_vv.mov,./stim/processed_extracts/audio/1/3_audio.wav,TRUE,vv,F,26,1
2,1,1,3,3,F1,M1,./stim/processed_extracts/true/1\3_vva.mov,./stim/processed_extracts/audio/1/3_audio.wav,TRUE,vva,F,26,1
3,2,2,1,1,M2,F1,./stim/processed_extracts/true/2\1_va.mov,./stim/processed_extracts/audio/2/1_audio.wav,TRUE,va,M,11,2
4,2,2,1,1,M2,F1,./stim/processed_extracts/true/2\1_vv.mov,./stim/processed_extracts/audio/2/1_audio.wav,TRUE,vv,M,11,2
5,2,2,1,1,M2,F1,./stim/processed_extracts/true/2\1_vva.mov,./stim/processed_extracts/audio/2/1_audio.wav,TRUE,vva,M,11,2
6,3,3,2,2,F2,M1,./stim/processed_extracts/true/3\2_va.mov,./stim/processed_extracts/audio/3/2_audio.wav,TRUE,va,F,15,3
7,3,3,2,2,F2,M1,./stim/processed_extracts/true/3\2_vv.mov,./stim/processed_extracts/audio/3/2_audio.wav,TRUE,vv,F,15,3
8,3,3,2,2,F2,M1,./stim/processed_extracts/true/3\2_vva.mov,./stim/processed_extracts/audio/3/2_audio.wav,TRUE,vva,F,15,3
9,3,3,7,7,F2,M1,./stim/processed_extracts/true/3\7_va.mov,./stim/processed_extracts/audio/3/7_audio.wav,TRUE,va,F,7,3
10,3,3,7,7,F2,M1,./stim/processed_extracts/true/3\7_vv.mov,./stim/processed_extracts/audio/3/7_audio.wav,TRUE,vv,F,7,3
11,3,3,7,7,F2,M1,./stim/processed_extracts/true/3\7_vva.mov,./stim/processed_extracts/audio/3/7_audio.wav,TRUE,vva,F,7,3
12,4,4,4,4,M2,F2,./stim/processed_extracts/true/4\4_va.mov,./stim/processed_extracts/audio/4/4_audio.wav,TRUE,va,M,7,4
13,4,4,4,4,M2,F2,./stim/processed_extracts/true/4\4_vv.mov,./stim/processed_extracts/audio/4/4_audio.wav,TRUE,vv,M,7,4
14,4,4,4,4,M2,F2,./stim/processed_extracts/true/4\4_vva.mov,./stim/processed_extracts/audio/4/4_audio.wav,TRUE,vva,M,7,4
15,4,4,7,7,F2,M2,./stim/processed_extracts/true/4\7_va.mov,./stim/processed_extracts/audio/4/7_audio.wav,TRUE,va,F,19,4
16,4,4,7,7,F2,M2,./stim/processed_extracts/true/4\7_vv.mov,./stim/processed_extracts/audio/4/7_audio.wav,TRUE,vv,F,19,4
17,4,4,7,7,F2,M2,./stim/processed_extracts/true/4\7_vva.mov,./stim/processed_extracts/audio/4/7_audio.wav,TRUE,vva,F,19,4
18,5,5,1,1,F1,M3,./stim/processed_extracts/true/5\1_va.mov,./stim/processed_extracts/audio/5/1_audio.wav,TRUE,va,F,19,5
19,5,5,1,1,F1,M3,./stim/processed_extracts/true/5\1_vv.mov,./stim/processed_extracts/audio/5/1_audio.wav,TRUE,vv,F,19,5
20,5,5,1,1,F1,M3,./stim/processed_extracts/true/5\1_vva.mov,./stim/processed_extracts/audio/5/1_audio.wav,TRUE,vva,F,19,5
21,5,5,2,2,M3,F1,./stim/processed_extracts/true/5\2_va.mov,./stim/processed_extracts/audio/5/2_audio.wav,TRUE,va,M,15,5
22,5,5,2,2,M3,F1,./stim/processed_extracts/true/5\2_vv.mov,./stim/processed_extracts/audio/5/2_audio.wav,TRUE,vv,M,15,5
23,5,5,2,2,M3,F1,./stim/processed_extracts/true/5\2_vva.mov,./stim/processed_extracts/audio/5/2_audio.wav,TRUE,vva,M,15,5
24,5,5,5,5,M3,F1,./stim/processed_extracts/true/5\5_va.mov,./stim/processed_extracts/audio/5/5_audio.wav,TRUE,va,M,7,5
25,5,5,5,5,M3,F1,./stim/processed_extracts/true/5\5_vv.mov,./stim/processed_extracts/audio/5/5_audio.wav,TRUE,vv,M,7,5
26,5,5,5,5,M3,F1,./stim/processed_extracts/true/5\5_vva.mov,./stim/processed_extracts/audio/5/5_audio.wav,TRUE,vva,M,7,5
27,6,6,3,3,M1,F3,./stim/processed_extracts/true/6\3_va.mov,./stim/processed_extracts/audio/6/3_audio.wav,TRUE,va,M,23,6
28,6,6,3,3,M1,F3,./stim/processed_extracts/true/6\3_vv.mov,./stim/processed_extracts/audio/6/3_audio.wav,TRUE,vv,M,23,6
29,6,6,3,3,M1,F3,./stim/processed_extracts/true/6\3_vva.mov,./stim/processed_extracts/audio/6/3_audio.wav,TRUE,vva,M,23,6
30,7,7,3,3,M4,F3,./stim/processed_extracts/true/7\3_va.mov,./stim/processed_extracts/audio/7/3_audio.wav,TRUE,va,M,7,7
31,7,7,3,3,M4,F3,./stim/processed_extracts/true/7\3_vv.mov,./stim/processed_extracts/audio/7/3_audio.wav,TRUE,vv,M,7,7
32,7,7,3,3,M4,F3,./stim/processed_extracts/true/7\3_vva.mov,./stim/processed_extracts/audio/7/3_audio.wav,TRUE,vva,M,7,7
33,8,8,1,1,M4,F4,./stim/processed_extracts/true/8\1_va.mov,./stim/processed_extracts/audio/8/1_audio.wav,TRUE,va,M,7,8
34,8,8,1,1,M4,F4,./stim/processed_extracts/true/8\1_vv.mov,./stim/processed_extracts/audio/8/1_audio.wav,TRUE,vv,M,7,8
35,8,8,1,1,M4,F4,./stim/processed_extracts/true/8\1_vva.mov,./stim/processed_extracts/audio/8/1_audio.wav,TRUE,vva,M,7,8
36,8,8,3,3,M4,F4,./stim/processed_extracts/true/8\3_va.mov,./stim/processed_extracts/audio/8/3_audio.wav,TRUE,va,M,5,8
37,8,8,3,3,M4,F4,./stim/processed_extracts/true/8\3_vv.mov,./stim/processed_extracts/audio/8/3_audio.wav,TRUE,vv,M,5,8
38,8,8,3,3,M4,F4,./stim/processed_extracts/true/8\3_vva.mov,./stim/processed_extracts/audio/8/3_audio.wav,TRUE,vva,M,5,8
39,9,9,2,2,M4,F1,./stim/processed_extracts/true/9\2_va.mov,./stim/processed_extracts/audio/9/2_audio.wav,TRUE,va,M,6,9
40,9,9,2,2,M4,F1,./stim/processed_extracts/true/9\2_vv.mov,./stim/processed_extracts/audio/9/2_audio.wav,TRUE,vv,M,6,9
41,9,9,2,2,M4,F1,./stim/processed_extracts/true/9\2_vva.mov,./stim/processed_extracts/audio/9/2_audio.wav,TRUE,vva,M,6,9
42,10,10,5,5,F2,M4,./stim/processed_extracts/true/10\5_va.mov,./stim/processed_extracts/audio/10/5_audio.wav,TRUE,va,F,12,10
43,10,10,5,5,F2,M4,./stim/processed_extracts/true/10\5_vv.mov,./stim/processed_extracts/audio/10/5_audio.wav,TRUE,vv,F,12,10
44,10,10,5,5,F2,M4,./stim/processed_extracts/true/10\5_vva.mov,./stim/processed_extracts/audio/10/5_audio.wav,TRUE,vva,F,12,10
45,11,11,7,7,F4,M2,./stim/processed_extracts/true/11\7_va.mov,./stim/processed_extracts/audio/11/7_audio.wav,TRUE,va,F,22,11
46,11,11,7,7,F4,M2,./stim/processed_extracts/true/11\7_vv.mov,./stim/processed_extracts/audio/11/7_audio.wav,TRUE,vv,F,22,11
47,11,11,7,7,F4,M2,./stim/processed_extracts/true/11\7_vva.mov,./stim/processed_extracts/audio/11/7_audio.wav,TRUE,vva,F,22,11
48,11,11,8,8,M2,F4,./stim/processed_extracts/true/11\8_va.mov,./stim/processed_extracts/audio/11/8_audio.wav,TRUE,va,M,24,11
49,11,11,8,8,M2,F4,./stim/processed_extracts/true/11\8_vv.mov,./stim/processed_extracts/audio/11/8_audio.wav,TRUE,vv,M,24,11
50,11,11,8,8,M2,F4,./stim/processed_extracts/true/11\8_vva.mov,./stim/processed_extracts/audio/11/8_audio.wav,TRUE,vva,M,24,11
51,11,11,9,9,F4,M2,./stim/processed_extracts/true/11\9_va.mov,./stim/processed_extracts/audio/11/9_audio.wav,TRUE,va,F,19,11
52,11,11,9,9,F4,M2,./stim/processed_extracts/true/11\9_vv.mov,./stim/processed_extracts/audio/11/9_audio.wav,TRUE,vv,F,19,11
53,11,11,9,9,F4,M2,./stim/processed_extracts/true/11\9_vva.mov,./stim/processed_extracts/audio/11/9_audio.wav,TRUE,vva,F,19,11
54,12,12,1,1,M1,F4,./stim/processed_extracts/true/12\1_va.mov,./stim/processed_extracts/audio/12/1_audio.wav,TRUE,va,M,8,12
55,12,12,1,1,M1,F4,./stim/processed_extracts/true/12\1_vv.mov,./stim/processed_extracts/audio/12/1_audio.wav,TRUE,vv,M,8,12
56,12,12,1,1,M1,F4,./stim/processed_extracts/true/12\1_vva.mov,./stim/processed_extracts/audio/12/1_audio.wav,TRUE,vva,M,8,12
57,12,12,3,3,F4,M1,./stim/processed_extracts/true/12\3_va.mov,./stim/processed_extracts/audio/12/3_audio.wav,TRUE,va,F,13,12
58,12,12,3,3,F4,M1,./stim/processed_extracts/true/12\3_vv.mov,./stim/processed_extracts/audio/12/3_audio.wav,TRUE,vv,F,13,12
59,12,12,3,3,F4,M1,./stim/processed_extracts/true/12\3_vva.mov,./stim/processed_extracts/audio/12/3_audio.wav,TRUE,vva,F,13,12
60,13,13,2,2,F4,M3,./stim/processed_extracts/true/13\2_va.mov,./stim/processed_extracts/audio/13/2_audio.wav,TRUE,va,F,12,13
61,13,13,2,2,F4,M3,./stim/processed_extracts/true/13\2_vv.mov,./stim/processed_extracts/audio/13/2_audio.wav,TRUE,vv,F,12,13
62,13,13,2,2,F4,M3,./stim/processed_extracts/true/13\2_vva.mov,./stim/processed_extracts/audio/13/2_audio.wav,TRUE,vva,F,12,13
63,13,13,6,6,F4,M3,./stim/processed_extracts/true/13\6_va.mov,./stim/processed_extracts/audio/13/6_audio.wav,TRUE,va,F,18,13
64,13,13,6,6,F4,M3,./stim/processed_extracts/true/13\6_vv.mov,./stim/processed_extracts/audio/13/6_audio.wav,TRUE,vv,F,18,13
65,13,13,6,6,F4,M3,./stim/processed_extracts/true/13\6_vva.mov,./stim/processed_extracts/audio/13/6_audio.wav,TRUE,vva,F,18,13
66,14,14,2,2,M3,F3,./stim/processed_extracts/true/14\2_va.mov,./stim/processed_extracts/audio/14/2_audio.wav,TRUE,va,M,7,14
67,14,14,2,2,M3,F3,./stim/processed_extracts/true/14\2_vv.mov,./stim/processed_extracts/audio/14/2_audio.wav,TRUE,vv,M,7,14
68,14,14,2,2,M3,F3,./stim/processed_extracts/true/14\2_vva.mov,./stim/processed_extracts/audio/14/2_audio.wav,TRUE,vva,M,7,14
69,14,14,3,3,M3,F3,./stim/processed_extracts/true/14\3_va.mov,./stim/processed_extracts/audio/14/3_audio.wav,TRUE,va,M,15,14
70,14,14,3,3,M3,F3,./stim/processed_extracts/true/14\3_vv.mov,./stim/processed_extracts/audio/14/3_audio.wav,TRUE,vv,M,15,14
71,14,14,3,3,M3,F3,./stim/processed_extracts/true/14\3_vva.mov,./stim/processed_extracts/audio/14/3_audio.wav,TRUE,vva,M,15,14
72,15,15,1,1,M2,F3,./stim/processed_extracts/true/15\1_va.mov,./stim/processed_extracts/audio/15/1_audio.wav,TRUE,va,M,8,15
73,15,15,1,1,M2,F3,./stim/processed_extracts/true/15\1_vv.mov,./stim/processed_extracts/audio/15/1_audio.wav,TRUE,vv,M,8,15
74,15,15,1,1,M2,F3,./stim/processed_extracts/true/15\1_vva.mov,./stim/processed_extracts/audio/15/1_audio.wav,TRUE,vva,M,8,15
75,15,15,2,2,M2,F3,./stim/processed_extracts/true/15\2_va.mov,./stim/processed_extracts/audio/15/2_audio.wav,TRUE,va,M,13,15
76,15,15,2,2,M2,F3,./stim/processed_extracts/true/15\2_vv.mov,./stim/processed_extracts/audio/15/2_audio.wav,TRUE,vv,M,13,15
77,15,15,2,2,M2,F3,./stim/processed_extracts/true/15\2_vva.mov,./stim/processed_extracts/audio/15/2_audio.wav,TRUE,vva,M,13,15
78,16,16,3,3,F2,M3,./stim/processed_extracts/true/16\3_va.mov,./stim/processed_extracts/audio/16/3_audio.wav,TRUE,va,F,6,16
79,16,16,3,3,F2,M3,./stim/processed_extracts/true/16\3_vv.mov,./stim/processed_extracts/audio/16/3_audio.wav,TRUE,vv,F,6,16
80,16,16,3,3,F2,M3,./stim/processed_extracts/true/16\3_vva.mov,./stim/processed_extracts/audio/16/3_audio.wav,TRUE,vva,F,6,16
81,16,16,4,4,M3,F2,./stim/processed_extracts/true/16\4_va.mov,./stim/processed_extracts/audio/16/4_audio.wav,TRUE,va,M,7,16
82,16,16,4,4,M3,F2,./stim/processed_extracts/true/16\4_vv.mov,./stim/processed_extracts/audio/16/4_audio.wav,TRUE,vv,M,7,16
83,16,16,4,4,M3,F2,./stim/processed_extracts/true/16\4_vva.mov,./stim/processed_extracts/audio/16/4_audio.wav,TRUE,vva,M,7,16
84,18,18,4,4,M5,F5,./stim/processed_extracts/true/18\4_va.mov,./stim/processed_extracts/audio/18/4_audio.wav,TRUE,va,M,9,18
85,18,18,4,4,M5,F5,./stim/processed_extracts/true/18\4_vv.mov,./stim/processed_extracts/audio/18/4_audio.wav,TRUE,vv,M,9,18
86,18,18,4,4,M5,F5,./stim/processed_extracts/true/18\4_vva.mov,./stim/processed_extracts/audio/18/4_audio.wav,TRUE,vva,M,9,18
87,19,19,1,1,M6,F6,./stim/processed_extracts/true/19\1_va.mov,./stim/processed_extracts/audio/19/1_audio.wav,TRUE,va,M,7,19
88,19,19,1,1,M6,F6,./stim/processed_extracts/true/19\1_vv.mov,./stim/processed_extracts/audio/19/1_audio.wav,TRUE,vv,M,7,19
89,19,19,1,1,M6,F6,./stim/processed_extracts/true/19\1_vva.mov,./stim/processed_extracts/audio/19/1_audio.wav,TRUE,vva,M,7,19
90,19,19,4,4,F6,M6,./stim/processed_extracts/true/19\4_va.mov,./stim/processed_extracts/audio/19/4_audio.wav,TRUE,va,F,10,19
91,19,19,4,4,F6,M6,./stim/processed_extracts/true/19\4_vv.mov,./stim/processed_extracts/audio/19/4_audio.wav,TRUE,vv,F,10,19
92,19,19,4,4,F6,M6,./stim/processed_extracts/true/19\4_vva.mov,./stim/processed_extracts/audio/19/4_audio.wav,TRUE,vva,F,10,19
93,21,21,2,2,M7,F5,./stim/processed_extracts/true/21\2_va.mov,./stim/processed_extracts/audio/21/2_audio.wav,TRUE,va,M,15,21
94,21,21,2,2,M7,F5,./stim/processed_extracts/true/21\2_vv.mov,./stim/processed_extracts/audio/21/2_audio.wav,TRUE,vv,M,15,21
95,21,21,2,2,M7,F5,./stim/processed_extracts/true/21\2_vva.mov,./stim/processed_extracts/audio/21/2_audio.wav,TRUE,vva,M,15,21
96,21,21,3,3,F5,M7,./stim/processed_extracts/true/21\3_va.mov,./stim/processed_extracts/audio/21/3_audio.wav,TRUE,va,F,13,21
97,21,21,3,3,F5,M7,./stim/processed_extracts/true/21\3_vv.mov,./stim/processed_extracts/audio/21/3_audio.wav,TRUE,vv,F,13,21
98,21,21,3,3,F5,M7,./stim/processed_extracts/true/21\3_vva.mov,./stim/processed_extracts/audio/21/3_audio.wav,TRUE,vva,F,13,21
99,22,22,2,2,M6,F7,./stim/processed_extracts/true/22\2_va.mov,./stim/processed_extracts/audio/22/2_audio.wav,TRUE,va,M,8,22
100,22,22,2,2,M6,F7,./stim/processed_extracts/true/22\2_vv.mov,./stim/processed_extracts/audio/22/2_audio.wav,TRUE,vv,M,8,22
101,22,22,2,2,M6,F7,./stim/processed_extracts/true/22\2_vva.mov,./stim/processed_extracts/audio/22/2_audio.wav,TRUE,vva,M,8,22
102,23,23,1,1,M5,F7,./stim/processed_extracts/true/23\1_va.mov,./stim/processed_extracts/audio/23/1_audio.wav,TRUE,va,M,9,23
103,23,23,1,1,M5,F7,./stim/processed_extracts/true/23\1_vv.mov,./stim/processed_extracts/audio/23/1_audio.wav,TRUE,vv,M,9,23
104,23,23,1,1,M5,F7,./stim/processed_extracts/true/23\1_vva.mov,./stim/processed_extracts/audio/23/1_audio.wav,TRUE,vva,M,9,23
105,23,23,3,3,F7,M5,./stim/processed_extracts/true/23\3_va.mov,./stim/processed_extracts/audio/23/3_audio.wav,TRUE,va,F,7,23
106,23,23,3,3,F7,M5,./stim/processed_extracts/true/23\3_vv.mov,./stim/processed_extracts/audio/23/3_audio.wav,TRUE,vv,F,7,23
107,23,23,3,3,F7,M5,./stim/processed_extracts/true/23\3_vva.mov,./stim/processed_extracts/audio/23/3_audio.wav,TRUE,vva,F,7,23
108,24,24,3,3,F5,M8,./stim/processed_extracts/true/24\3_va.mov,./stim/processed_extracts/audio/24/3_audio.wav,TRUE,va,F,10,24
109,24,24,3,3,F5,M8,./stim/processed_extracts/true/24\3_vv.mov,./stim/processed_extracts/audio/24/3_audio.wav,TRUE,vv,F,10,24
110,24,24,3,3,F5,M8,./stim/processed_extracts/true/24\3_vva.mov,./stim/processed_extracts/audio/24/3_audio.wav,TRUE,vva,F,10,24
111,24,24,4,4,F5,M8,./stim/processed_extracts/true/24\4_va.mov,./stim/processed_extracts/audio/24/4_audio.wav,TRUE,va,F,8,24
112,24,24,4,4,F5,M8,./stim/processed_extracts/true/24\4_vv.mov,./stim/processed_extracts/audio/24/4_audio.wav,TRUE,vv,F,8,24
113,24,24,4,4,F5,M8,./stim/processed_extracts/true/24\4_vva.mov,./stim/processed_extracts/audio/24/4_audio.wav,TRUE,vva,F,8,24
114,24,24,5,5,M8,F5,./stim/processed_extracts/true/24\5_va.mov,./stim/processed_extracts/audio/24/5_audio.wav,TRUE,va,M,8,24
115,24,24,5,5,M8,F5,./stim/processed_extracts/true/24\5_vv.mov,./stim/processed_extracts/audio/24/5_audio.wav,TRUE,vv,M,8,24
116,24,24,5,5,M8,F5,./stim/processed_extracts/true/24\5_vva.mov,./stim/processed_extracts/audio/24/5_audio.wav,TRUE,vva,M,8,24
117,26,26,4,4,F6,M8,./stim/processed_extracts/true/26\4_va.mov,./stim/processed_extracts/audio/26/4_audio.wav,TRUE,va,F,10,26
118,26,26,4,4,F6,M8,./stim/processed_extracts/true/26\4_vv.mov,./stim/processed_extracts/audio/26/4_audio.wav,TRUE,vv,F,10,26
119,26,26,4,4,F6,M8,./stim/processed_extracts/true/26\4_vva.mov,./stim/processed_extracts/audio/26/4_audio.wav,TRUE,vva,F,10,26
120,26,26,6,6,M8,F6,./stim/processed_extracts/true/26\6_va.mov,./stim/processed_extracts/audio/26/6_audio.wav,TRUE,va,M,7,26
121,26,26,6,6,M8,F6,./stim/processed_extracts/true/26\6_vv.mov,./stim/processed_extracts/audio/26/6_audio.wav,TRUE,vv,M,7,26
122,26,26,6,6,M8,F6,./stim/processed_extracts/true/26\6_vva.mov,./stim/processed_extracts/audio/26/6_audio.wav,TRUE,vva,M,7,26
123,27,27,1,1,F7,M7,./stim/processed_extracts/true/27\1_va.mov,./stim/processed_extracts/audio/27/1_audio.wav,TRUE,va,F,8,27
124,27,27,1,1,F7,M7,./stim/processed_extracts/true/27\1_vv.mov,./stim/processed_extracts/audio/27/1_audio.wav,TRUE,vv,F,8,27
125,27,27,1,1,F7,M7,./stim/processed_extracts/true/27\1_vva.mov,./stim/processed_extracts/audio/27/1_audio.wav,TRUE,vva,F,8,27
126,27,27,3,3,M7,F7,./stim/processed_extracts/true/27\3_va.mov,./stim/processed_extracts/audio/27/3_audio.wav,TRUE,va,M,11,27
127,27,27,3,3,M7,F7,./stim/processed_extracts/true/27\3_vv.mov,./stim/processed_extracts/audio/27/3_audio.wav,TRUE,vv,M,11,27
128,27,27,3,3,M7,F7,./stim/processed_extracts/true/27\3_vva.mov,./stim/processed_extracts/audio/27/3_audio.wav,TRUE,vva,M,11,27
129,28,28,1,1,M8,F7,./stim/processed_extracts/true/28\1_va.mov,./stim/processed_extracts/audio/28/1_audio.wav,TRUE,va,M,8,28
130,28,28,1,1,M8,F7,./stim/processed_extracts/true/28\1_vv.mov,./stim/processed_extracts/audio/28/1_audio.wav,TRUE,vv,M,8,28
131,28,28,1,1,M8,F7,./stim/processed_extracts/true/28\1_vva.mov,./stim/processed_extracts/audio/28/1_audio.wav,TRUE,vva,M,8,28
132,28,28,3,3,F7,M8,./stim/processed_extracts/true/28\3_va.mov,./stim/processed_extracts/audio/28/3_audio.wav,TRUE,va,F,6,28
133,28,28,3,3,F7,M8,./stim/processed_extracts/true/28\3_vv.mov,./stim/processed_extracts/audio/28/3_audio.wav,TRUE,vv,F,6,28
134,28,28,3,3,F7,M8,./stim/processed_extracts/true/28\3_vva.mov,./stim/processed_extracts/audio/28/3_audio.wav,TRUE,vva,F,6,28
135,29,29,1,1,M9,F8,./stim/processed_extracts/true/29\1_va.mov,./stim/processed_extracts/audio/29/1_audio.wav,TRUE,va,M,6,29
136,29,29,1,1,M9,F8,./stim/processed_extracts/true/29\1_vv.mov,./stim/processed_extracts/audio/29/1_audio.wav,TRUE,vv,M,6,29
137,29,29,1,1,M9,F8,./stim/processed_extracts/true/29\1_vva.mov,./stim/processed_extracts/audio/29/1_audio.wav,TRUE,vva,M,6,29
138,30,30,3,3,M9,F9,./stim/processed_extracts/true/30\3_va.mov,./stim/processed_extracts/audio/30/3_audio.wav,TRUE,va,M,13,30
139,30,30,3,3,M9,F9,./stim/processed_extracts/true/30\3_vv.mov,./stim/processed_extracts/audio/30/3_audio.wav,TRUE,vv,M,13,30
140,30,30,3,3,M9,F9,./stim/processed_extracts/true/30\3_vva.mov,./stim/processed_extracts/audio/30/3_audio.wav,TRUE,vva,M,13,30
141,31,31,3,3,M10,F8,./stim/processed_extracts/true/31\3_va.mov,./stim/processed_extracts/audio/31/3_audio.wav,TRUE,va,M,9,31
142,31,31,3,3,M10,F8,./stim/processed_extracts/true/31\3_vv.mov,./stim/processed_extracts/audio/31/3_audio.wav,TRUE,vv,M,9,31
143,31,31,3,3,M10,F8,./stim/processed_extracts/true/31\3_vva.mov,./stim/processed_extracts/audio/31/3_audio.wav,TRUE,vva,M,9,31
144,31,31,7,7,F8,M10,./stim/processed_extracts/true/31\7_va.mov,./stim/processed_extracts/audio/31/7_audio.wav,TRUE,va,F,10,31
145,31,31,7,7,F8,M10,./stim/processed_extracts/true/31\7_vv.mov,./stim/processed_extracts/audio/31/7_audio.wav,TRUE,vv,F,10,31
146,31,31,7,7,F8,M10,./stim/processed_extracts/true/31\7_vva.mov,./stim/processed_extracts/audio/31/7_audio.wav,TRUE,vva,F,10,31
147,31,31,8,8,M10,F8,./stim/processed_extracts/true/31\8_va.mov,./stim/processed_extracts/audio/31/8_audio.wav,TRUE,va,M,10,31
148,31,31,8,8,M10,F8,./stim/processed_extracts/true/31\8_vv.mov,./stim/processed_extracts/audio/31/8_audio.wav,TRUE,vv,M,10,31
149,31,31,8,8,M10,F8,./stim/processed_extracts/true/31\8_vva.mov,./stim/processed_extracts/audio/31/8_audio.wav,TRUE,vva,M,10,31
150,32,32,1,1,M10,F9,./stim/processed_extracts/true/32\1_va.mov,./stim/processed_extracts/audio/32/1_audio.wav,TRUE,va,M,14,32
151,32,32,1,1,M10,F9,./stim/processed_extracts/true/32\1_vv.mov,./stim/processed_extracts/audio/32/1_audio.wav,TRUE,vv,M,14,32
152,32,32,1,1,M10,F9,./stim/processed_extracts/true/32\1_vva.mov,./stim/processed_extracts/audio/32/1_audio.wav,TRUE,vva,M,14,32
153,32,32,3,3,F9,M10,./stim/processed_extracts/true/32\3_va.mov,./stim/processed_extracts/audio/32/3_audio.wav,TRUE,va,F,11,32
154,32,32,3,3,F9,M10,./stim/processed_extracts/true/32\3_vv.mov,./stim/processed_extracts/audio/32/3_audio.wav,TRUE,vv,F,11,32
155,32,32,3,3,F9,M10,./stim/processed_extracts/true/32\3_vva.mov,./stim/processed_extracts/audio/32/3_audio.wav,TRUE,vva,F,11,32
156,34,34,5,5,F10,M9,./stim/processed_extracts/true/34\5_va.mov,./stim/processed_extracts/audio/34/5_audio.wav,TRUE,va,F,16,34
157,34,34,5,5,F10,M9,./stim/processed_extracts/true/34\5_vv.mov,./stim/processed_extracts/audio/34/5_audio.wav,TRUE,vv,F,16,34
158,34,34,5,5,F10,M9,./stim/processed_extracts/true/34\5_vva.mov,./stim/processed_extracts/audio/34/5_audio.wav,TRUE,vva,F,16,34
159,34,34,7,7,F10,M9,./stim/processed_extracts/true/34\7_va.mov,./stim/processed_extracts/audio/34/7_audio.wav,TRUE,va,F,9,34
160,34,34,7,7,F10,M9,./stim/processed_extracts/true/34\7_vv.mov,./stim/processed_extracts/audio/34/7_audio.wav,TRUE,vv,F,9,34
161,34,34,7,7,F10,M9,./stim/processed_extracts/true/34\7_vva.mov,./stim/processed_extracts/audio/34/7_audio.wav,TRUE,vva,F,9,34
162,35,35,2,2,M11,F9,./stim/processed_extracts/true/35\2_va.mov,./stim/processed_extracts/audio/35/2_audio.wav,TRUE,va,M,9,35
163,35,35,2,2,M11,F9,./stim/processed_extracts/true/35\2_vv.mov,./stim/processed_extracts/audio/35/2_audio.wav,TRUE,vv,M,9,35
164,35,35,2,2,M11,F9,./stim/processed_extracts/true/35\2_vva.mov,./stim/processed_extracts/audio/35/2_audio.wav,TRUE,vva,M,9,35
165,35,35,5,5,F9,M11,./stim/processed_extracts/true/35\5_va.mov,./stim/processed_extracts/audio/35/5_audio.wav,TRUE,va,F,7,35
166,35,35,5,5,F9,M11,./stim/processed_extracts/true/35\5_vv.mov,./stim/processed_extracts/audio/35/5_audio.wav,TRUE,vv,F,7,35
167,35,35,5,5,F9,M11,./stim/processed_extracts/true/35\5_vva.mov,./stim/processed_extracts/audio/35/5_audio.wav,TRUE,vva,F,7,35
168,36,36,3,3,F8,M11,./stim/processed_extracts/true/36\3_va.mov,./stim/processed_extracts/audio/36/3_audio.wav,TRUE,va,F,9,36
169,36,36,3,3,F8,M11,./stim/processed_extracts/true/36\3_vv.mov,./stim/processed_extracts/audio/36/3_audio.wav,TRUE,vv,F,9,36
170,36,36,3,3,F8,M11,./stim/processed_extracts/true/36\3_vva.mov,./stim/processed_extracts/audio/36/3_audio.wav,TRUE,vva,F,9,36
171,36,36,4,4,M11,F8,./stim/processed_extracts/true/36\4_va.mov,./stim/processed_extracts/audio/36/4_audio.wav,TRUE,va,M,13,36
172,36,36,4,4,M11,F8,./stim/processed_extracts/true/36\4_vv.mov,./stim/processed_extracts/audio/36/4_audio.wav,TRUE,vv,M,13,36
173,36,36,4,4,M11,F8,./stim/processed_extracts/true/36\4_vva.mov,./stim/processed_extracts/audio/36/4_audio.wav,TRUE,vva,M,13,36
174,37,37,1,1,F11,M10,./stim/processed_extracts/true/37\1_va.mov,./stim/processed_extracts/audio/37/1_audio.wav,TRUE,va,F,6,37
175,37,37,1,1,F11,M10,./stim/processed_extracts/true/37\1_vv.mov,./stim/processed_extracts/audio/37/1_audio.wav,TRUE,vv,F,6,37
176,37,37,1,1,F11,M10,./stim/processed_extracts/true/37\1_vva.mov,./stim/processed_extracts/audio/37/1_audio.wav,TRUE,vva,F,6,37
177,37,37,4,4,M10,F11,./stim/processed_extracts/true/37\4_va.mov,./stim/processed_extracts/audio/37/4_audio.wav,TRUE,va,M,7,37
178,37,37,4,4,M10,F11,./stim/processed_extracts/true/37\4_vv.mov,./stim/processed_extracts/audio/37/4_audio.wav,TRUE,vv,M,7,37
179,37,37,4,4,M10,F11,./stim/processed_extracts/true/37\4_vva.mov,./stim/processed_extracts/audio/37/4_audio.wav,TRUE,vva,M,7,37
180,38,38,4,4,M12,F8,./stim/processed_extracts/true/38\4_va.mov,./stim/processed_extracts/audio/38/4_audio.wav,TRUE,va,M,16,38
181,38,38,4,4,M12,F8,./stim/processed_extracts/true/38\4_vv.mov,./stim/processed_extracts/audio/38/4_audio.wav,TRUE,vv,M,16,38
182,38,38,4,4,M12,F8,./stim/processed_extracts/true/38\4_vva.mov,./stim/processed_extracts/audio/38/4_audio.wav,TRUE,vva,M,16,38
183,39,39,1,1,M12,F9,./stim/processed_extracts/true/39\1_va.mov,./stim/processed_extracts/audio/39/1_audio.wav,TRUE,va,M,7,39
184,39,39,1,1,M12,F9,./stim/processed_extracts/true/39\1_vv.mov,./stim/processed_extracts/audio/39/1_audio.wav,TRUE,vv,M,7,39
185,39,39,1,1,M12,F9,./stim/processed_extracts/true/39\1_vva.mov,./stim/processed_extracts/audio/39/1_audio.wav,TRUE,vva,M,7,39
186,39,39,3,3,M12,F9,./stim/processed_extracts/true/39\3_va.mov,./stim/processed_extracts/audio/39/3_audio.wav,TRUE,va,M,10,39
187,39,39,3,3,M12,F9,./stim/processed_extracts/true/39\3_vv.mov,./stim/processed_extracts/audio/39/3_audio.wav,TRUE,vv,M,10,39
188,39,39,3,3,M12,F9,./stim/processed_extracts/true/39\3_vva.mov,./stim/processed_extracts/audio/39/3_audio.wav,TRUE,vva,M,10,39
189,40,40,1,1,M10,F10,./stim/processed_extracts/true/40\1_va.mov,./stim/processed_extracts/audio/40/1_audio.wav,TRUE,va,M,7,40
190,40,40,1,1,M10,F10,./stim/processed_extracts/true/40\1_vv.mov,./stim/processed_extracts/audio/40/1_audio.wav,TRUE,vv,M,7,40
191,40,40,1,1,M10,F10,./stim/processed_extracts/true/40\1_vva.mov,./stim/processed_extracts/audio/40/1_audio.wav,TRUE,vva,M,7,40
192,40,40,2,2,F10,M10,./stim/processed_extracts/true/40\2_va.mov,./stim/processed_extracts/audio/40/2_audio.wav,TRUE,va,F,12,40
193,40,40,2,2,F10,M10,./stim/processed_extracts/true/40\2_vv.mov,./stim/processed_extracts/audio/40/2_audio.wav,TRUE,vv,F,12,40
194,40,40,2,2,F10,M10,./stim/processed_extracts/true/40\2_vva.mov,./stim/processed_extracts/audio/40/2_audio.wav,TRUE,vva,F,12,40
195,40,40,4,4,F10,M10,./stim/processed_extracts/true/40\4_va.mov,./stim/processed_extracts/audio/40/4_audio.wav,TRUE,va,F,15,40
196,40,40,4,4,F10,M10,./stim/processed_extracts/true/40\4_vv.mov,./stim/processed_extracts/audio/40/4_audio.wav,TRUE,vv,F,15,40
197,40,40,4,4,F10,M10,./stim/processed_extracts/true/40\4_vva.mov,./stim/processed_extracts/audio/40/4_audio.wav,TRUE,vva,F,15,40
198,41,41,1,1,F11,M11,./stim/processed_extracts/true/41\1_va.mov,./stim/processed_extracts/audio/41/1_audio.wav,TRUE,va,F,9,41
199,41,41,1,1,F11,M11,./stim/processed_extracts/true/41\1_vv.mov,./stim/processed_extracts/audio/41/1_audio.wav,TRUE,vv,F,9,41
200,41,41,1,1,F11,M11,./stim/processed_extracts/true/41\1_vva.mov,./stim/processed_extracts/audio/41/1_audio.wav,TRUE,vva,F,9,41
201,42,42,5,5,M12,F11,./stim/processed_extracts/true/42\5_va.mov,./stim/processed_extracts/audio/42/5_audio.wav,TRUE,va,M,13,42
202,42,42,5,5,M12,F11,./stim/processed_extracts/true/42\5_vv.mov,./stim/processed_extracts/audio/42/5_audio.wav,TRUE,vv,M,13,42
203,42,42,5,5,M12,F11,./stim/processed_extracts/true/42\5_vva.mov,./stim/processed_extracts/audio/42/5_audio.wav,TRUE,vva,M,13,42
204,43,43,2,2,M11,F10,./stim/processed_extracts/true/43\2_va.mov,./stim/processed_extracts/audio/43/2_audio.wav,TRUE,va,M,7,43
205,43,43,2,2,M11,F10,./stim/processed_extracts/true/43\2_vv.mov,./stim/processed_extracts/audio/43/2_audio.wav,TRUE,vv,M,7,43
206,43,43,2,2,M11,F10,./stim/processed_extracts/true/43\2_vva.mov,./stim/processed_extracts/audio/43/2_audio.wav,TRUE,vva,M,7,43
207,43,43,4,4,M11,F10,./stim/processed_extracts/true/43\4_va.mov,./stim/processed_extracts/audio/43/4_audio.wav,TRUE,va,M,8,43
208,43,43,4,4,M11,F10,./stim/processed_extracts/true/43\4_vv.mov,./stim/processed_extracts/audio/43/4_audio.wav,TRUE,vv,M,8,43
209,43,43,4,4,M11,F10,./stim/processed_extracts/true/43\4_vva.mov,./stim/processed_extracts/audio/43/4_audio.wav,TRUE,vva,M,8,43
210,43,43,6,6,F10,M11,./stim/processed_extracts/true/43\6_va.mov,./stim/processed_extracts/audio/43/6_audio.wav,TRUE,va,F,7,43
211,43,43,6,6,F10,M11,./stim/processed_extracts/true/43\6_vv.mov,./stim/processed_extracts/audio/43/6_audio.wav,TRUE,vv,F,7,43
212,43,43,6,6,F10,M11,./stim/processed_extracts/true/43\6_vva.mov,./stim/processed_extracts/audio/43/6_audio.wav,TRUE,vva,F,7,43
213,44,44,2,2,F10,M12,./stim/processed_extracts/true/44\2_va.mov,./stim/processed_extracts/audio/44/2_audio.wav,TRUE,va,F,12,44
214,44,44,2,2,F10,M12,./stim/processed_extracts/true/44\2_vv.mov,./stim/processed_extracts/audio/44/2_audio.wav,TRUE,vv,F,12,44
215,44,44,2,2,F10,M12,./stim/processed_extracts/true/44\2_vva.mov,./stim/processed_extracts/audio/44/2_audio.wav,TRUE,vva,F,12,44
216,44,44,3,3,M12,F10,./stim/processed_extracts/true/44\3_va.mov,./stim/processed_extracts/audio/44/3_audio.wav,TRUE,va,M,8,44
217,44,44,3,3,M12,F10,./stim/processed_extracts/true/44\3_vv.mov,./stim/processed_extracts/audio/44/3_audio.wav,TRUE,vv,M,8,44
218,44,44,3,3,M12,F10,./stim/processed_extracts/true/44\3_vva.mov,./stim/processed_extracts/audio/44/3_audio.wav,TRUE,vva,M,8,44
219,45,45,3,3,M13,F12,./stim/processed_extracts/true/45\3_va.mov,./stim/processed_extracts/audio/45/3_audio.wav,TRUE,va,M,7,45
220,45,45,3,3,M13,F12,./stim/processed_extracts/true/45\3_vv.mov,./stim/processed_extracts/audio/45/3_audio.wav,TRUE,vv,M,7,45
221,45,45,3,3,M13,F12,./stim/processed_extracts/true/45\3_vva.mov,./stim/processed_extracts/audio/45/3_audio.wav,TRUE,vva,M,7,45
222,46,46,2,2,F12,M14,./stim/processed_extracts/true/46\2_va.mov,./stim/processed_extracts/audio/46/2_audio.wav,TRUE,va,F,8,46
223,46,46,2,2,F12,M14,./stim/processed_extracts/true/46\2_vv.mov,./stim/processed_extracts/audio/46/2_audio.wav,TRUE,vv,F,8,46
224,46,46,2,2,F12,M14,./stim/processed_extracts/true/46\2_vva.mov,./stim/processed_extracts/audio/46/2_audio.wav,TRUE,vva,F,8,46
225,47,47,3,3,F13,M13,./stim/processed_extracts/true/47\3_va.mov,./stim/processed_extracts/audio/47/3_audio.wav,TRUE,va,F,9,47
226,47,47,3,3,F13,M13,./stim/processed_extracts/true/47\3_vv.mov,./stim/processed_extracts/audio/47/3_audio.wav,TRUE,vv,F,9,47
227,47,47,3,3,F13,M13,./stim/processed_extracts/true/47\3_vva.mov,./stim/processed_extracts/audio/47/3_audio.wav,TRUE,vva,F,9,47
228,47,47,7,7,M13,F13,./stim/processed_extracts/true/47\7_va.mov,./stim/processed_extracts/audio/47/7_audio.wav,TRUE,va,M,13,47
229,47,47,7,7,M13,F13,./stim/processed_extracts/true/47\7_vv.mov,./stim/processed_extracts/audio/47/7_audio.wav,TRUE,vv,M,13,47
230,47,47,7,7,M13,F13,./stim/processed_extracts/true/47\7_vva.mov,./stim/processed_extracts/audio/47/7_audio.wav,TRUE,vva,M,13,47
231,48,48,5,5,M14,F13,./stim/processed_extracts/true/48\5_va.mov,./stim/processed_extracts/audio/48/5_audio.wav,TRUE,va,M,12,48
232,48,48,5,5,M14,F13,./stim/processed_extracts/true/48\5_vv.mov,./stim/processed_extracts/audio/48/5_audio.wav,TRUE,vv,M,12,48
233,48,48,5,5,M14,F13,./stim/processed_extracts/true/48\5_vva.mov,./stim/processed_extracts/audio/48/5_audio.wav,TRUE,vva,M,12,48
234,48,48,8,8,M14,F13,./stim/processed_extracts/true/48\8_va.mov,./stim/processed_extracts/audio/48/8_audio.wav,TRUE,va,M,8,48
235,48,48,8,8,M14,F13,./stim/processed_extracts/true/48\8_vv.mov,./stim/processed_extracts/audio/48/8_audio.wav,TRUE,vv,M,8,48
236,48,48,8,8,M14,F13,./stim/processed_extracts/true/48\8_vva.mov,./stim/processed_extracts/audio/48/8_audio.wav,TRUE,vva,M,8,48
237,49,49,1,1,F12,M15,./stim/processed_extracts/true/49\1_va.mov,./stim/processed_extracts/audio/49/1_audio.wav,TRUE,va,F,9,49
238,49,49,1,1,F12,M15,./stim/processed_extracts/true/49\1_vv.mov,./stim/processed_extracts/audio/49/1_audio.wav,TRUE,vv,F,9,49
239,49,49,1,1,F12,M15,./stim/processed_extracts/true/49\1_vva.mov,./stim/processed_extracts/audio/49/1_audio.wav,TRUE,vva,F,9,49
240,50,50,1,1,F14,M13,./stim/processed_extracts/true/50\1_va.mov,./stim/processed_extracts/audio/50/1_audio.wav,TRUE,va,F,8,50
241,50,50,1,1,F14,M13,./stim/processed_extracts/true/50\1_vv.mov,./stim/processed_extracts/audio/50/1_audio.wav,TRUE,vv,F,8,50
242,50,50,1,1,F14,M13,./stim/processed_extracts/true/50\1_vva.mov,./stim/processed_extracts/audio/50/1_audio.wav,TRUE,vva,F,8,50
243,51,51,3,3,M14,F14,./stim/processed_extracts/true/51\3_va.mov,./stim/processed_extracts/audio/51/3_audio.wav,TRUE,va,M,7,51
244,51,51,3,3,M14,F14,./stim/processed_extracts/true/51\3_vv.mov,./stim/processed_extracts/audio/51/3_audio.wav,TRUE,vv,M,7,51
245,51,51,3,3,M14,F14,./stim/processed_extracts/true/51\3_vva.mov,./stim/processed_extracts/audio/51/3_audio.wav,TRUE,vva,M,7,51
246,52,52,2,2,F12,M16,./stim/processed_extracts/true/52\2_va.mov,./stim/processed_extracts/audio/52/2_audio.wav,TRUE,va,F,10,52
247,52,52,2,2,F12,M16,./stim/processed_extracts/true/52\2_vv.mov,./stim/processed_extracts/audio/52/2_audio.wav,TRUE,vv,F,10,52
248,52,52,2,2,F12,M16,./stim/processed_extracts/true/52\2_vva.mov,./stim/processed_extracts/audio/52/2_audio.wav,TRUE,vva,F,10,52
249,52,52,3,3,M16,F12,./stim/processed_extracts/true/52\3_va.mov,./stim/processed_extracts/audio/52/3_audio.wav,TRUE,va,M,10,52
250,52,52,3,3,M16,F12,./stim/processed_extracts/true/52\3_vv.mov,./stim/processed_extracts/audio/52/3_audio.wav,TRUE,vv,M,10,52
251,52,52,3,3,M16,F12,./stim/processed_extracts/true/52\3_vva.mov,./stim/processed_extracts/audio/52/3_audio.wav,TRUE,vva,M,10,52
252,53,53,1,1,F13,M15,./stim/processed_extracts/true/53\1_va.mov,./stim/processed_extracts/audio/53/1_audio.wav,TRUE,va,F,7,53
253,53,53,1,1,F13,M15,./stim/processed_extracts/true/53\1_vv.mov,./stim/processed_extracts/audio/53/1_audio.wav,TRUE,vv,F,7,53
254,53,53,1,1,F13,M15,./stim/processed_extracts/true/53\1_vva.mov,./stim/processed_extracts/audio/53/1_audio.wav,TRUE,vva,F,7,53
255,53,53,2,2,F13,M15,./stim/processed_extracts/true/53\2_va.mov,./stim/processed_extracts/audio/53/2_audio.wav,TRUE,va,F,11,53
256,53,53,2,2,F13,M15,./stim/processed_extracts/true/53\2_vv.mov,./stim/processed_extracts/audio/53/2_audio.wav,TRUE,vv,F,11,53
257,53,53,2,2,F13,M15,./stim/processed_extracts/true/53\2_vva.mov,./stim/processed_extracts/audio/53/2_audio.wav,TRUE,vva,F,11,53
258,54,54,1,1,F15,M13,./stim/processed_extracts/true/54\1_va.mov,./stim/processed_extracts/audio/54/1_audio.wav,TRUE,va,F,7,54
259,54,54,1,1,F15,M13,./stim/processed_extracts/true/54\1_vv.mov,./stim/processed_extracts/audio/54/1_audio.wav,TRUE,vv,F,7,54
260,54,54,1,1,F15,M13,./stim/processed_extracts/true/54\1_vva.mov,./stim/processed_extracts/audio/54/1_audio.wav,TRUE,vva,F,7,54
261,54,54,3,3,M13,F15,./stim/processed_extracts/true/54\3_va.mov,./stim/processed_extracts/audio/54/3_audio.wav,TRUE,va,M,10,54
262,54,54,3,3,M13,F15,./stim/processed_extracts/true/54\3_vv.mov,./stim/processed_extracts/audio/54/3_audio.wav,TRUE,vv,M,10,54
263,54,54,3,3,M13,F15,./stim/processed_extracts/true/54\3_vva.mov,./stim/processed_extracts/audio/54/3_audio.wav,TRUE,vva,M,10,54
264,54,54,5,5,F15,M13,./stim/processed_extracts/true/54\5_va.mov,./stim/processed_extracts/audio/54/5_audio.wav,TRUE,va,F,8,54
265,54,54,5,5,F15,M13,./stim/processed_extracts/true/54\5_vv.mov,./stim/processed_extracts/audio/54/5_audio.wav,TRUE,vv,F,8,54
266,54,54,5,5,F15,M13,./stim/processed_extracts/true/54\5_vva.mov,./stim/processed_extracts/audio/54/5_audio.wav,TRUE,vva,F,8,54
267,55,55,1,1,F15,M14,./stim/processed_extracts/true/55\1_va.mov,./stim/processed_extracts/audio/55/1_audio.wav,TRUE,va,F,14,55
268,55,55,1,1,F15,M14,./stim/processed_extracts/true/55\1_vv.mov,./stim/processed_extracts/audio/55/1_audio.wav,TRUE,vv,F,14,55
269,55,55,1,1,F15,M14,./stim/processed_extracts/true/55\1_vva.mov,./stim/processed_extracts/audio/55/1_audio.wav,TRUE,vva,F,14,55
270,55,55,6,6,M14,F15,./stim/processed_extracts/true/55\6_va.mov,./stim/processed_extracts/audio/55/6_audio.wav,TRUE,va,M,9,55
271,55,55,6,6,M14,F15,./stim/processed_extracts/true/55\6_vv.mov,./stim/processed_extracts/audio/55/6_audio.wav,TRUE,vv,M,9,55
272,55,55,6,6,M14,F15,./stim/processed_extracts/true/55\6_vva.mov,./stim/processed_extracts/audio/55/6_audio.wav,TRUE,vva,M,9,55
273,56,56,1,1,M16,F13,./stim/processed_extracts/true/56\1_va.mov,./stim/processed_extracts/audio/56/1_audio.wav,TRUE,va,M,7,56
274,56,56,1,1,M16,F13,./stim/processed_extracts/true/56\1_vv.mov,./stim/processed_extracts/audio/56/1_audio.wav,TRUE,vv,M,7,56
275,56,56,1,1,M16,F13,./stim/processed_extracts/true/56\1_vva.mov,./stim/processed_extracts/audio/56/1_audio.wav,TRUE,vva,M,7,56
276,57,57,1,1,M15,F14,./stim/processed_extracts/true/57\1_va.mov,./stim/processed_extracts/audio/57/1_audio.wav,TRUE,va,M,11,57
277,57,57,1,1,M15,F14,./stim/processed_extracts/true/57\1_vv.mov,./stim/processed_extracts/audio/57/1_audio.wav,TRUE,vv,M,11,57
278,57,57,1,1,M15,F14,./stim/processed_extracts/true/57\1_vva.mov,./stim/processed_extracts/audio/57/1_audio.wav,TRUE,vva,M,11,57
279,57,57,3,3,M15,F14,./stim/processed_extracts/true/57\3_va.mov,./stim/processed_extracts/audio/57/3_audio.wav,TRUE,va,M,13,57
280,57,57,3,3,M15,F14,./stim/processed_extracts/true/57\3_vv.mov,./stim/processed_extracts/audio/57/3_audio.wav,TRUE,vv,M,13,57
281,57,57,3,3,M15,F14,./stim/processed_extracts/true/57\3_vva.mov,./stim/processed_extracts/audio/57/3_audio.wav,TRUE,vva,M,13,57
282,58,58,3,3,F15,M15,./stim/processed_extracts/true/58\3_va.mov,./stim/processed_extracts/audio/58/3_audio.wav,TRUE,va,F,9,58
283,58,58,3,3,F15,M15,./stim/processed_extracts/true/58\3_vv.mov,./stim/processed_extracts/audio/58/3_audio.wav,TRUE,vv,F,9,58
284,58,58,3,3,F15,M15,./stim/processed_extracts/true/58\3_vva.mov,./stim/processed_extracts/audio/58/3_audio.wav,TRUE,vva,F,9,58
285,58,58,5,5,F15,M15,./stim/processed_extracts/true/58\5_va.mov,./stim/processed_extracts/audio/58/5_audio.wav,TRUE,va,F,10,58
286,58,58,5,5,F15,M15,./stim/processed_extracts/true/58\5_vv.mov,./stim/processed_extracts/audio/58/5_audio.wav,TRUE,vv,F,10,58
287,58,58,5,5,F15,M15,./stim/processed_extracts/true/58\5_vva.mov,./stim/processed_extracts/audio/58/5_audio.wav,TRUE,vva,F,10,58
288,59,59,1,1,M16,F14,./stim/processed_extracts/true/59\1_va.mov,./stim/processed_extracts/audio/59/1_audio.wav,TRUE,va,M,9,59
289,59,59,1,1,M16,F14,./stim/processed_extracts/true/59\1_vv.mov,./stim/processed_extracts/audio/59/1_audio.wav,TRUE,vv,M,9,59
290,59,59,1,1,M16,F14,./stim/processed_extracts/true/59\1_vva.mov,./stim/processed_extracts/audio/59/1_audio.wav,TRUE,vva,M,9,59
291,59,59,3,3,M16,F14,./stim/processed_extracts/true/59\3_va.mov,./stim/processed_extracts/audio/59/3_audio.wav,TRUE,va,M,10,59
292,59,59,3,3,M16,F14,./stim/processed_extracts/true/59\3_vv.mov,./stim/processed_extracts/audio/59/3_audio.wav,TRUE,vv,M,10,59
293,59,59,3,3,M16,F14,./stim/processed_extracts/true/59\3_vva.mov,./stim/processed_extracts/audio/59/3_audio.wav,TRUE,vva,M,10,59
294,60,60,1,1,M16,F15,./stim/processed_extracts/true/60\1_va.mov,./stim/processed_extracts/audio/60/1_audio.wav,TRUE,va,M,6,60
295,60,60,1,1,M16,F15,./stim/processed_extracts/true/60\1_vv.mov,./stim/processed_extracts/audio/60/1_audio.wav,TRUE,vv,M,6,60
296,60,60,1,1,M16,F15,./stim/processed_extracts/true/60\1_vva.mov,./stim/processed_extracts/audio/60/1_audio.wav,TRUE,vva,M,6,60
297,60,60,5,5,M16,F15,./stim/processed_extracts/true/60\5_va.mov,./stim/processed_extracts/audio/60/5_audio.wav,TRUE,va,M,14,60
298,60,60,5,5,M16,F15,./stim/processed_extracts/true/60\5_vv.mov,./stim/processed_extracts/audio/60/5_audio.wav,TRUE,vv,M,14,60
299,60,60,5,5,M16,F15,./stim/processed_extracts/true/60\5_vva.mov,./stim/processed_extracts/audio/60/5_audio.wav,TRUE,vva,M,14,60
300,1,1,1,2,M1,F1,./stim/processed_extracts/fake/1\1_2_va.mov,./stim/processed_extracts/audio/1/1_2_audio.wav,fake_wd,va,M,17,1
301,1,1,1,2,M1,F1,./stim/processed_extracts/fake/1\1_2_vv.mov,./stim/processed_extracts/audio/1/1_2_audio.wav,fake_wd,vv,M,17,1
302,1,1,1,2,M1,F1,./stim/processed_extracts/fake/1\1_2_vva.mov,./stim/processed_extracts/audio/1/1_2_audio.wav,fake_wd,vva,M,17,1
303,2,2,3,2,F1,M2,./stim/processed_extracts/fake/2\2_3_va.mov,./stim/processed_extracts/audio/2/2_3_audio.wav,fake_wd,va,F,8,2
304,2,2,3,2,F1,M2,./stim/processed_extracts/fake/2\2_3_vv.mov,./stim/processed_extracts/audio/2/2_3_audio.wav,fake_wd,vv,F,8,2
305,2,2,3,2,F1,M2,./stim/processed_extracts/fake/2\2_3_vva.mov,./stim/processed_extracts/audio/2/2_3_audio.wav,fake_wd,vva,F,8,2
306,3,3,1,6,M1,F2,./stim/processed_extracts/fake/3\1_6_va.mov,./stim/processed_extracts/audio/3/1_6_audio.wav,fake_wd,va,M,7,3
307,3,3,1,6,M1,F2,./stim/processed_extracts/fake/3\1_6_vv.mov,./stim/processed_extracts/audio/3/1_6_audio.wav,fake_wd,vv,M,7,3
308,3,3,1,6,M1,F2,./stim/processed_extracts/fake/3\1_6_vva.mov,./stim/processed_extracts/audio/3/1_6_audio.wav,fake_wd,vva,M,7,3
309,3,3,8,4,F2,M1,./stim/processed_extracts/fake/3\4_8_va.mov,./stim/processed_extracts/audio/3/4_8_audio.wav,fake_wd,va,F,12,3
310,3,3,8,4,F2,M1,./stim/processed_extracts/fake/3\4_8_vv.mov,./stim/processed_extracts/audio/3/4_8_audio.wav,fake_wd,vv,F,12,3
311,3,3,8,4,F2,M1,./stim/processed_extracts/fake/3\4_8_vva.mov,./stim/processed_extracts/audio/3/4_8_audio.wav,fake_wd,vva,F,12,3
312,4,4,1,6,M2,F2,./stim/processed_extracts/fake/4\1_6_va.mov,./stim/processed_extracts/audio/4/1_6_audio.wav,fake_wd,va,M,6,4
313,4,4,1,6,M2,F2,./stim/processed_extracts/fake/4\1_6_vv.mov,./stim/processed_extracts/audio/4/1_6_audio.wav,fake_wd,vv,M,6,4
314,4,4,1,6,M2,F2,./stim/processed_extracts/fake/4\1_6_vva.mov,./stim/processed_extracts/audio/4/1_6_audio.wav,fake_wd,vva,M,6,4
315,4,4,9,3,M2,F2,./stim/processed_extracts/fake/4\3_9_va.mov,./stim/processed_extracts/audio/4/3_9_audio.wav,fake_wd,va,M,11,4
316,4,4,9,3,M2,F2,./stim/processed_extracts/fake/4\3_9_vv.mov,./stim/processed_extracts/audio/4/3_9_audio.wav,fake_wd,vv,M,11,4
317,4,4,9,3,M2,F2,./stim/processed_extracts/fake/4\3_9_vva.mov,./stim/processed_extracts/audio/4/3_9_audio.wav,fake_wd,vva,M,11,4
318,5,5,3,4,F1,M3,./stim/processed_extracts/fake/5\3_4_va.mov,./stim/processed_extracts/audio/5/3_4_audio.wav,fake_wd,va,F,15,5
319,5,5,3,4,F1,M3,./stim/processed_extracts/fake/5\3_4_vv.mov,./stim/processed_extracts/audio/5/3_4_audio.wav,fake_wd,vv,F,15,5
320,5,5,3,4,F1,M3,./stim/processed_extracts/fake/5\3_4_vva.mov,./stim/processed_extracts/audio/5/3_4_audio.wav,fake_wd,vva,F,15,5
321,6,6,5,4,F3,M1,./stim/processed_extracts/fake/6\4_5_va.mov,./stim/processed_extracts/audio/6/4_5_audio.wav,fake_wd,va,F,10,6
322,6,6,5,4,F3,M1,./stim/processed_extracts/fake/6\4_5_vv.mov,./stim/processed_extracts/audio/6/4_5_audio.wav,fake_wd,vv,F,10,6
323,6,6,5,4,F3,M1,./stim/processed_extracts/fake/6\4_5_vva.mov,./stim/processed_extracts/audio/6/4_5_audio.wav,fake_wd,vva,F,10,6
324,7,7,1,2,M4,F3,./stim/processed_extracts/fake/7\1_2_va.mov,./stim/processed_extracts/audio/7/1_2_audio.wav,fake_wd,va,M,8,7
325,7,7,1,2,M4,F3,./stim/processed_extracts/fake/7\1_2_vv.mov,./stim/processed_extracts/audio/7/1_2_audio.wav,fake_wd,vv,M,8,7
326,7,7,1,2,M4,F3,./stim/processed_extracts/fake/7\1_2_vva.mov,./stim/processed_extracts/audio/7/1_2_audio.wav,fake_wd,vva,M,8,7
327,8,8,4,5,F4,M4,./stim/processed_extracts/fake/8\4_5_va.mov,./stim/processed_extracts/audio/8/4_5_audio.wav,fake_wd,va,F,9,8
328,8,8,4,5,F4,M4,./stim/processed_extracts/fake/8\4_5_vv.mov,./stim/processed_extracts/audio/8/4_5_audio.wav,fake_wd,vv,F,9,8
329,8,8,4,5,F4,M4,./stim/processed_extracts/fake/8\4_5_vva.mov,./stim/processed_extracts/audio/8/4_5_audio.wav,fake_wd,vva,F,9,8
330,9,9,1,3,F1,M4,./stim/processed_extracts/fake/9\1_3_va.mov,./stim/processed_extracts/audio/9/1_3_audio.wav,fake_wd,va,F,7,9
331,9,9,1,3,F1,M4,./stim/processed_extracts/fake/9\1_3_vv.mov,./stim/processed_extracts/audio/9/1_3_audio.wav,fake_wd,vv,F,7,9
332,9,9,1,3,F1,M4,./stim/processed_extracts/fake/9\1_3_vva.mov,./stim/processed_extracts/audio/9/1_3_audio.wav,fake_wd,vva,F,7,9
333,10,10,3,6,M4,F2,./stim/processed_extracts/fake/10\3_6_va.mov,./stim/processed_extracts/audio/10/3_6_audio.wav,fake_wd,va,M,6,10
334,10,10,3,6,M4,F2,./stim/processed_extracts/fake/10\3_6_vv.mov,./stim/processed_extracts/audio/10/3_6_audio.wav,fake_wd,vv,M,6,10
335,10,10,3,6,M4,F2,./stim/processed_extracts/fake/10\3_6_vva.mov,./stim/processed_extracts/audio/10/3_6_audio.wav,fake_wd,vva,M,6,10
336,11,11,1,2,M2,F4,./stim/processed_extracts/fake/11\1_2_va.mov,./stim/processed_extracts/audio/11/1_2_audio.wav,fake_wd,va,M,7,11
337,11,11,1,2,M2,F4,./stim/processed_extracts/fake/11\1_2_vv.mov,./stim/processed_extracts/audio/11/1_2_audio.wav,fake_wd,vv,M,7,11
338,11,11,1,2,M2,F4,./stim/processed_extracts/fake/11\1_2_vva.mov,./stim/processed_extracts/audio/11/1_2_audio.wav,fake_wd,vva,M,7,11
339,11,11,6,5,F4,M2,./stim/processed_extracts/fake/11\5_6_va.mov,./stim/processed_extracts/audio/11/5_6_audio.wav,fake_wd,va,F,7,11
340,11,11,6,5,F4,M2,./stim/processed_extracts/fake/11\5_6_vv.mov,./stim/processed_extracts/audio/11/5_6_audio.wav,fake_wd,vv,F,7,11
341,11,11,6,5,F4,M2,./stim/processed_extracts/fake/11\5_6_vva.mov,./stim/processed_extracts/audio/11/5_6_audio.wav,fake_wd,vva,F,7,11
342,12,12,5,2,F4,M1,./stim/processed_extracts/fake/12\2_5_va.mov,./stim/processed_extracts/audio/12/2_5_audio.wav,fake_wd,va,F,7,12
343,12,12,5,2,F4,M1,./stim/processed_extracts/fake/12\2_5_vv.mov,./stim/processed_extracts/audio/12/2_5_audio.wav,fake_wd,vv,F,7,12
344,12,12,5,2,F4,M1,./stim/processed_extracts/fake/12\2_5_vva.mov,./stim/processed_extracts/audio/12/2_5_audio.wav,fake_wd,vva,F,7,12
345,13,13,4,1,M3,F4,./stim/processed_extracts/fake/13\1_4_va.mov,./stim/processed_extracts/audio/13/1_4_audio.wav,fake_wd,va,M,14,13
346,13,13,4,1,M3,F4,./stim/processed_extracts/fake/13\1_4_vv.mov,./stim/processed_extracts/audio/13/1_4_audio.wav,fake_wd,vv,M,14,13
347,13,13,4,1,M3,F4,./stim/processed_extracts/fake/13\1_4_vva.mov,./stim/processed_extracts/audio/13/1_4_audio.wav,fake_wd,vva,M,14,13
348,14,14,1,5,M3,F3,./stim/processed_extracts/fake/14\1_5_va.mov,./stim/processed_extracts/audio/14/1_5_audio.wav,fake_wd,va,M,8,14
349,14,14,1,5,M3,F3,./stim/processed_extracts/fake/14\1_5_vv.mov,./stim/processed_extracts/audio/14/1_5_audio.wav,fake_wd,vv,M,8,14
350,14,14,1,5,M3,F3,./stim/processed_extracts/fake/14\1_5_vva.mov,./stim/processed_extracts/audio/14/1_5_audio.wav,fake_wd,vva,M,8,14
351,15,15,5,3,M2,F3,./stim/processed_extracts/fake/15\3_5_va.mov,./stim/processed_extracts/audio/15/3_5_audio.wav,fake_wd,va,M,17,15
352,15,15,5,3,M2,F3,./stim/processed_extracts/fake/15\3_5_vv.mov,./stim/processed_extracts/audio/15/3_5_audio.wav,fake_wd,vv,M,17,15
353,15,15,5,3,M2,F3,./stim/processed_extracts/fake/15\3_5_vva.mov,./stim/processed_extracts/audio/15/3_5_audio.wav,fake_wd,vva,M,17,15
354,16,16,1,2,F2,M3,./stim/processed_extracts/fake/16\1_2_va.mov,./stim/processed_extracts/audio/16/1_2_audio.wav,fake_wd,va,F,11,16
355,16,16,1,2,F2,M3,./stim/processed_extracts/fake/16\1_2_vv.mov,./stim/processed_extracts/audio/16/1_2_audio.wav,fake_wd,vv,F,11,16
356,16,16,1,2,F2,M3,./stim/processed_extracts/fake/16\1_2_vva.mov,./stim/processed_extracts/audio/16/1_2_audio.wav,fake_wd,vva,F,11,16
357,18,18,1,3,F5,M5,./stim/processed_extracts/fake/18\1_3_va.mov,./stim/processed_extracts/audio/18/1_3_audio.wav,fake_wd,va,F,9,18
358,18,18,1,3,F5,M5,./stim/processed_extracts/fake/18\1_3_vv.mov,./stim/processed_extracts/audio/18/1_3_audio.wav,fake_wd,vv,F,9,18
359,18,18,1,3,F5,M5,./stim/processed_extracts/fake/18\1_3_vva.mov,./stim/processed_extracts/audio/18/1_3_audio.wav,fake_wd,vva,F,9,18
360,19,19,2,5,M6,F6,./stim/processed_extracts/fake/19\2_5_va.mov,./stim/processed_extracts/audio/19/2_5_audio.wav,fake_wd,va,M,8,19
361,19,19,2,5,M6,F6,./stim/processed_extracts/fake/19\2_5_vv.mov,./stim/processed_extracts/audio/19/2_5_audio.wav,fake_wd,vv,M,8,19
362,19,19,2,5,M6,F6,./stim/processed_extracts/fake/19\2_5_vva.mov,./stim/processed_extracts/audio/19/2_5_audio.wav,fake_wd,vva,M,8,19
363,24,24,2,1,M8,F5,./stim/processed_extracts/fake/24\1_2_va.mov,./stim/processed_extracts/audio/24/1_2_audio.wav,fake_wd,va,M,7,24
364,24,24,2,1,M8,F5,./stim/processed_extracts/fake/24\1_2_vv.mov,./stim/processed_extracts/audio/24/1_2_audio.wav,fake_wd,vv,M,7,24
365,24,24,2,1,M8,F5,./stim/processed_extracts/fake/24\1_2_vva.mov,./stim/processed_extracts/audio/24/1_2_audio.wav,fake_wd,vva,M,7,24
366,26,26,2,1,M8,F6,./stim/processed_extracts/fake/26\1_2_va.mov,./stim/processed_extracts/audio/26/1_2_audio.wav,fake_wd,va,M,9,26
367,26,26,2,1,M8,F6,./stim/processed_extracts/fake/26\1_2_vv.mov,./stim/processed_extracts/audio/26/1_2_audio.wav,fake_wd,vv,M,9,26
368,26,26,2,1,M8,F6,./stim/processed_extracts/fake/26\1_2_vva.mov,./stim/processed_extracts/audio/26/1_2_audio.wav,fake_wd,vva,M,9,26
369,27,27,2,4,M7,F7,./stim/processed_extracts/fake/27\2_4_va.mov,./stim/processed_extracts/audio/27/2_4_audio.wav,fake_wd,va,M,8,27
370,27,27,2,4,M7,F7,./stim/processed_extracts/fake/27\2_4_vv.mov,./stim/processed_extracts/audio/27/2_4_audio.wav,fake_wd,vv,M,8,27
371,27,27,2,4,M7,F7,./stim/processed_extracts/fake/27\2_4_vva.mov,./stim/processed_extracts/audio/27/2_4_audio.wav,fake_wd,vva,M,8,27
372,28,28,4,2,M8,F7,./stim/processed_extracts/fake/28\2_4_va.mov,./stim/processed_extracts/audio/28/2_4_audio.wav,fake_wd,va,M,8,28
373,28,28,4,2,M8,F7,./stim/processed_extracts/fake/28\2_4_vv.mov,./stim/processed_extracts/audio/28/2_4_audio.wav,fake_wd,vv,M,8,28
374,28,28,4,2,M8,F7,./stim/processed_extracts/fake/28\2_4_vva.mov,./stim/processed_extracts/audio/28/2_4_audio.wav,fake_wd,vva,M,8,28
375,29,29,4,2,M9,F8,./stim/processed_extracts/fake/29\2_4_va.mov,./stim/processed_extracts/audio/29/2_4_audio.wav,fake_wd,va,M,8,29
376,29,29,4,2,M9,F8,./stim/processed_extracts/fake/29\2_4_vv.mov,./stim/processed_extracts/audio/29/2_4_audio.wav,fake_wd,vv,M,8,29
377,29,29,4,2,M9,F8,./stim/processed_extracts/fake/29\2_4_vva.mov,./stim/processed_extracts/audio/29/2_4_audio.wav,fake_wd,vva,M,8,29
378,31,31,1,10,M10,F8,./stim/processed_extracts/fake/31\1_10_va.mov,./stim/processed_extracts/audio/31/1_10_audio.wav,fake_wd,va,M,8,31
379,31,31,1,10,M10,F8,./stim/processed_extracts/fake/31\1_10_vv.mov,./stim/processed_extracts/audio/31/1_10_audio.wav,fake_wd,vv,M,8,31
380,31,31,1,10,M10,F8,./stim/processed_extracts/fake/31\1_10_vva.mov,./stim/processed_extracts/audio/31/1_10_audio.wav,fake_wd,vva,M,8,31
381,31,31,9,5,F8,M10,./stim/processed_extracts/fake/31\5_9_va.mov,./stim/processed_extracts/audio/31/5_9_audio.wav,fake_wd,va,F,8,31
382,31,31,9,5,F8,M10,./stim/processed_extracts/fake/31\5_9_vv.mov,./stim/processed_extracts/audio/31/5_9_audio.wav,fake_wd,vv,F,8,31
383,31,31,9,5,F8,M10,./stim/processed_extracts/fake/31\5_9_vva.mov,./stim/processed_extracts/audio/31/5_9_audio.wav,fake_wd,vva,F,8,31
384,32,32,5,2,F9,M10,./stim/processed_extracts/fake/32\2_5_va.mov,./stim/processed_extracts/audio/32/2_5_audio.wav,fake_wd,va,F,6,32
385,32,32,5,2,F9,M10,./stim/processed_extracts/fake/32\2_5_vv.mov,./stim/processed_extracts/audio/32/2_5_audio.wav,fake_wd,vv,F,6,32
386,32,32,5,2,F9,M10,./stim/processed_extracts/fake/32\2_5_vva.mov,./stim/processed_extracts/audio/32/2_5_audio.wav,fake_wd,vva,F,6,32
387,34,34,6,2,F10,M9,./stim/processed_extracts/fake/34\2_6_va.mov,./stim/processed_extracts/audio/34/2_6_audio.wav,fake_wd,va,F,9,34
388,34,34,6,2,F10,M9,./stim/processed_extracts/fake/34\2_6_vv.mov,./stim/processed_extracts/audio/34/2_6_audio.wav,fake_wd,vv,F,9,34
389,34,34,6,2,F10,M9,./stim/processed_extracts/fake/34\2_6_vva.mov,./stim/processed_extracts/audio/34/2_6_audio.wav,fake_wd,vva,F,9,34
390,35,35,3,1,F9,M11,./stim/processed_extracts/fake/35\1_3_va.mov,./stim/processed_extracts/audio/35/1_3_audio.wav,fake_wd,va,F,11,35
391,35,35,3,1,F9,M11,./stim/processed_extracts/fake/35\1_3_vv.mov,./stim/processed_extracts/audio/35/1_3_audio.wav,fake_wd,vv,F,11,35
392,35,35,3,1,F9,M11,./stim/processed_extracts/fake/35\1_3_vva.mov,./stim/processed_extracts/audio/35/1_3_audio.wav,fake_wd,vva,F,11,35
393,36,36,1,6,F8,M11,./stim/processed_extracts/fake/36\1_6_va.mov,./stim/processed_extracts/audio/36/1_6_audio.wav,fake_wd,va,F,8,36
394,36,36,1,6,F8,M11,./stim/processed_extracts/fake/36\1_6_vv.mov,./stim/processed_extracts/audio/36/1_6_audio.wav,fake_wd,vv,F,8,36
395,36,36,1,6,F8,M11,./stim/processed_extracts/fake/36\1_6_vva.mov,./stim/processed_extracts/audio/36/1_6_audio.wav,fake_wd,vva,F,8,36
396,37,37,6,2,M10,F11,./stim/processed_extracts/fake/37\2_6_va.mov,./stim/processed_extracts/audio/37/2_6_audio.wav,fake_wd,va,M,12,37
397,37,37,6,2,M10,F11,./stim/processed_extracts/fake/37\2_6_vv.mov,./stim/processed_extracts/audio/37/2_6_audio.wav,fake_wd,vv,M,12,37
398,37,37,6,2,M10,F11,./stim/processed_extracts/fake/37\2_6_vva.mov,./stim/processed_extracts/audio/37/2_6_audio.wav,fake_wd,vva,M,12,37
399,38,38,3,5,F8,M12,./stim/processed_extracts/fake/38\3_5_va.mov,./stim/processed_extracts/audio/38/3_5_audio.wav,fake_wd,va,F,9,38
400,38,38,3,5,F8,M12,./stim/processed_extracts/fake/38\3_5_vv.mov,./stim/processed_extracts/audio/38/3_5_audio.wav,fake_wd,vv,F,9,38
401,38,38,3,5,F8,M12,./stim/processed_extracts/fake/38\3_5_vva.mov,./stim/processed_extracts/audio/38/3_5_audio.wav,fake_wd,vva,F,9,38
402,40,40,8,5,M10,F10,./stim/processed_extracts/fake/40\5_8_va.mov,./stim/processed_extracts/audio/40/5_8_audio.wav,fake_wd,va,M,10,40
403,40,40,8,5,M10,F10,./stim/processed_extracts/fake/40\5_8_vv.mov,./stim/processed_extracts/audio/40/5_8_audio.wav,fake_wd,vv,M,10,40
404,40,40,8,5,M10,F10,./stim/processed_extracts/fake/40\5_8_vva.mov,./stim/processed_extracts/audio/40/5_8_audio.wav,fake_wd,vva,M,10,40
405,40,40,10,7,M10,F10,./stim/processed_extracts/fake/40\7_10_va.mov,./stim/processed_extracts/audio/40/7_10_audio.wav,fake_wd,va,M,14,40
406,40,40,10,7,M10,F10,./stim/processed_extracts/fake/40\7_10_vv.mov,./stim/processed_extracts/audio/40/7_10_audio.wav,fake_wd,vv,M,14,40
407,40,40,10,7,M10,F10,./stim/processed_extracts/fake/40\7_10_vva.mov,./stim/processed_extracts/audio/40/7_10_audio.wav,fake_wd,vva,M,14,40
408,42,42,4,3,M12,F11,./stim/processed_extracts/fake/42\3_4_va.mov,./stim/processed_extracts/audio/42/3_4_audio.wav,fake_wd,va,M,10,42
409,42,42,4,3,M12,F11,./stim/processed_extracts/fake/42\3_4_vv.mov,./stim/processed_extracts/audio/42/3_4_audio.wav,fake_wd,vv,M,10,42
410,42,42,4,3,M12,F11,./stim/processed_extracts/fake/42\3_4_vva.mov,./stim/processed_extracts/audio/42/3_4_audio.wav,fake_wd,vva,M,10,42
411,43,43,3,7,F10,M11,./stim/processed_extracts/fake/43\3_7_va.mov,./stim/processed_extracts/audio/43/3_7_audio.wav,fake_wd,va,F,11,43
412,43,43,3,7,F10,M11,./stim/processed_extracts/fake/43\3_7_vv.mov,./stim/processed_extracts/audio/43/3_7_audio.wav,fake_wd,vv,F,11,43
413,43,43,3,7,F10,M11,./stim/processed_extracts/fake/43\3_7_vva.mov,./stim/processed_extracts/audio/43/3_7_audio.wav,fake_wd,vva,F,11,43
414,45,45,4,2,F12,M13,./stim/processed_extracts/fake/45\2_4_va.mov,./stim/processed_extracts/audio/45/2_4_audio.wav,fake_wd,va,F,9,45
415,45,45,4,2,F12,M13,./stim/processed_extracts/fake/45\2_4_vv.mov,./stim/processed_extracts/audio/45/2_4_audio.wav,fake_wd,vv,F,9,45
416,45,45,4,2,F12,M13,./stim/processed_extracts/fake/45\2_4_vva.mov,./stim/processed_extracts/audio/45/2_4_audio.wav,fake_wd,vva,F,9,45
417,47,47,6,5,F13,M13,./stim/processed_extracts/fake/47\5_6_va.mov,./stim/processed_extracts/audio/47/5_6_audio.wav,fake_wd,va,F,12,47
418,47,47,6,5,F13,M13,./stim/processed_extracts/fake/47\5_6_vv.mov,./stim/processed_extracts/audio/47/5_6_audio.wav,fake_wd,vv,F,12,47
419,47,47,6,5,F13,M13,./stim/processed_extracts/fake/47\5_6_vva.mov,./stim/processed_extracts/audio/47/5_6_audio.wav,fake_wd,vva,F,12,47
420,48,48,2,6,F13,M14,./stim/processed_extracts/fake/48\2_6_va.mov,./stim/processed_extracts/audio/48/2_6_audio.wav,fake_wd,va,F,8,48
421,48,48,2,6,F13,M14,./stim/processed_extracts/fake/48\2_6_vv.mov,./stim/processed_extracts/audio/48/2_6_audio.wav,fake_wd,vv,F,8,48
422,48,48,2,6,F13,M14,./stim/processed_extracts/fake/48\2_6_vva.mov,./stim/processed_extracts/audio/48/2_6_audio.wav,fake_wd,vva,F,8,48
423,48,48,4,3,F13,M14,./stim/processed_extracts/fake/48\3_4_va.mov,./stim/processed_extracts/audio/48/3_4_audio.wav,fake_wd,va,F,10,48
424,48,48,4,3,F13,M14,./stim/processed_extracts/fake/48\3_4_vv.mov,./stim/processed_extracts/audio/48/3_4_audio.wav,fake_wd,vv,F,10,48
425,48,48,4,3,F13,M14,./stim/processed_extracts/fake/48\3_4_vva.mov,./stim/processed_extracts/audio/48/3_4_audio.wav,fake_wd,vva,F,10,48
426,49,49,2,5,M15,F12,./stim/processed_extracts/fake/49\2_5_va.mov,./stim/processed_extracts/audio/49/2_5_audio.wav,fake_wd,va,M,9,49
427,49,49,2,5,M15,F12,./stim/processed_extracts/fake/49\2_5_vv.mov,./stim/processed_extracts/audio/49/2_5_audio.wav,fake_wd,vv,M,9,49
428,49,49,2,5,M15,F12,./stim/processed_extracts/fake/49\2_5_vva.mov,./stim/processed_extracts/audio/49/2_5_audio.wav,fake_wd,vva,M,9,49
429,50,50,3,4,M13,F14,./stim/processed_extracts/fake/50\3_4_va.mov,./stim/processed_extracts/audio/50/3_4_audio.wav,fake_wd,va,M,8,50
430,50,50,3,4,M13,F14,./stim/processed_extracts/fake/50\3_4_vv.mov,./stim/processed_extracts/audio/50/3_4_audio.wav,fake_wd,vv,M,8,50
431,50,50,3,4,M13,F14,./stim/processed_extracts/fake/50\3_4_vva.mov,./stim/processed_extracts/audio/50/3_4_audio.wav,fake_wd,vva,M,8,50
432,53,53,3,4,M15,F13,./stim/processed_extracts/fake/53\3_4_va.mov,./stim/processed_extracts/audio/53/3_4_audio.wav,fake_wd,va,M,13,53
433,53,53,3,4,M15,F13,./stim/processed_extracts/fake/53\3_4_vv.mov,./stim/processed_extracts/audio/53/3_4_audio.wav,fake_wd,vv,M,13,53
434,53,53,3,4,M15,F13,./stim/processed_extracts/fake/53\3_4_vva.mov,./stim/processed_extracts/audio/53/3_4_audio.wav,fake_wd,vva,M,13,53
435,54,54,6,2,F15,M13,./stim/processed_extracts/fake/54\2_6_va.mov,./stim/processed_extracts/audio/54/2_6_audio.wav,fake_wd,va,F,9,54
436,54,54,6,2,F15,M13,./stim/processed_extracts/fake/54\2_6_vv.mov,./stim/processed_extracts/audio/54/2_6_audio.wav,fake_wd,vv,F,9,54
437,54,54,6,2,F15,M13,./stim/processed_extracts/fake/54\2_6_vva.mov,./stim/processed_extracts/audio/54/2_6_audio.wav,fake_wd,vva,F,9,54
438,54,54,7,8,M13,F15,./stim/processed_extracts/fake/54\7_8_va.mov,./stim/processed_extracts/audio/54/7_8_audio.wav,fake_wd,va,M,10,54
439,54,54,7,8,M13,F15,./stim/processed_extracts/fake/54\7_8_vv.mov,./stim/processed_extracts/audio/54/7_8_audio.wav,fake_wd,vv,M,10,54
440,54,54,7,8,M13,F15,./stim/processed_extracts/fake/54\7_8_vva.mov,./stim/processed_extracts/audio/54/7_8_audio.wav,fake_wd,vva,M,10,54
441,55,55,4,7,M14,F15,./stim/processed_extracts/fake/55\4_7_va.mov,./stim/processed_extracts/audio/55/4_7_audio.wav,fake_wd,va,M,12,55
442,55,55,4,7,M14,F15,./stim/processed_extracts/fake/55\4_7_vv.mov,./stim/processed_extracts/audio/55/4_7_audio.wav,fake_wd,vv,M,12,55
443,55,55,4,7,M14,F15,./stim/processed_extracts/fake/55\4_7_vva.mov,./stim/processed_extracts/audio/55/4_7_audio.wav,fake_wd,vva,M,12,55
444,56,56,2,3,F13,M16,./stim/processed_extracts/fake/56\2_3_va.mov,./stim/processed_extracts/audio/56/2_3_audio.wav,fake_wd,va,F,11,56
445,56,56,2,3,F13,M16,./stim/processed_extracts/fake/56\2_3_vv.mov,./stim/processed_extracts/audio/56/2_3_audio.wav,fake_wd,vv,F,11,56
446,56,56,2,3,F13,M16,./stim/processed_extracts/fake/56\2_3_vva.mov,./stim/processed_extracts/audio/56/2_3_audio.wav,fake_wd,vva,F,11,56
447,58,58,1,2,M15,F15,./stim/processed_extracts/fake/58\1_2_va.mov,./stim/processed_extracts/audio/58/1_2_audio.wav,fake_wd,va,M,14,58
448,58,58,1,2,M15,F15,./stim/processed_extracts/fake/58\1_2_vv.mov,./stim/processed_extracts/audio/58/1_2_audio.wav,fake_wd,vv,M,14,58
449,58,58,1,2,M15,F15,./stim/processed_extracts/fake/58\1_2_vva.mov,./stim/processed_extracts/audio/58/1_2_audio.wav,fake_wd,vva,M,14,58
450,60,60,4,6,M16,F15,./stim/processed_extracts/fake/60\4_6_va.mov,./stim/processed_extracts/audio/60/4_6_audio.wav,fake_wd,va,M,9,60
451,60,60,4,6,M16,F15,./stim/processed_extracts/fake/60\4_6_vv.mov,./stim/processed_extracts/audio/60/4_6_audio.wav,fake_wd,vv,M,9,60
452,60,60,4,6,M16,F15,./stim/processed_extracts/fake/60\4_6_vva.mov,./stim/processed_extracts/audio/60/4_6_audio.wav,fake_wd,vva,M,9,60
453,2,3,4,3,F1,M1,./stim/processed_extracts/fake_ad/1\2_4_3_3_va.mov,./stim/processed_extracts/audio/1/2_4_3_3_audio.wav,fake_ad,va,F,10,1
454,2,3,4,3,F1,M1,./stim/processed_extracts/fake_ad/1\2_4_3_3_vv.mov,./stim/processed_extracts/audio/1/2_4_3_3_audio.wav,fake_ad,vv,F,10,1
455,2,3,4,3,F1,M1,./stim/processed_extracts/fake_ad/1\2_4_3_3_vva.mov,./stim/processed_extracts/audio/1/2_4_3_3_audio.wav,fake_ad,vva,F,10,1
456,4,1,5,4,F2,M1,./stim/processed_extracts/fake_ad/3\1_4_4_5_va.mov,./stim/processed_extracts/audio/3/1_4_4_5_audio.wav,fake_ad,va,F,15,3
457,4,1,5,4,F2,M1,./stim/processed_extracts/fake_ad/3\1_4_4_5_vv.mov,./stim/processed_extracts/audio/3/1_4_4_5_audio.wav,fake_ad,vv,F,15,3
458,4,1,5,4,F2,M1,./stim/processed_extracts/fake_ad/3\1_4_4_5_vva.mov,./stim/processed_extracts/audio/3/1_4_4_5_audio.wav,fake_ad,vva,F,15,3
459,11,10,3,1,M2,F2,./stim/processed_extracts/fake_ad/4\10_1_11_3_va.mov,./stim/processed_extracts/audio/4/10_1_11_3_audio.wav,fake_ad,va,M,11,4
460,11,10,3,1,M2,F2,./stim/processed_extracts/fake_ad/4\10_1_11_3_vv.mov,./stim/processed_extracts/audio/4/10_1_11_3_audio.wav,fake_ad,vv,M,11,4
461,11,10,3,1,M2,F2,./stim/processed_extracts/fake_ad/4\10_1_11_3_vva.mov,./stim/processed_extracts/audio/4/10_1_11_3_audio.wav,fake_ad,vva,M,11,4
462,3,7,5,4,M1,F3,./stim/processed_extracts/fake_ad/6\3_5_7_4_va.mov,./stim/processed_extracts/audio/6/3_5_7_4_audio.wav,fake_ad,va,M,6,6
463,3,7,5,4,M1,F3,./stim/processed_extracts/fake_ad/6\3_5_7_4_vv.mov,./stim/processed_extracts/audio/6/3_5_7_4_audio.wav,fake_ad,vv,M,6,6
464,3,7,5,4,M1,F3,./stim/processed_extracts/fake_ad/6\3_5_7_4_vva.mov,./stim/processed_extracts/audio/6/3_5_7_4_audio.wav,fake_ad,vva,M,6,6
465,6,8,1,2,F3,M4,./stim/processed_extracts/fake_ad/7\6_1_8_2_va.mov,./stim/processed_extracts/audio/7/6_1_8_2_audio.wav,fake_ad,va,F,7,7
466,6,8,1,2,F3,M4,./stim/processed_extracts/fake_ad/7\6_1_8_2_vv.mov,./stim/processed_extracts/audio/7/6_1_8_2_audio.wav,fake_ad,vv,F,7,7
467,6,8,1,2,F3,M4,./stim/processed_extracts/fake_ad/7\6_1_8_2_vva.mov,./stim/processed_extracts/audio/7/6_1_8_2_audio.wav,fake_ad,vva,F,7,7
468,10,13,2,5,M4,F4,./stim/processed_extracts/fake_ad/8\10_2_13_5_va.mov,./stim/processed_extracts/audio/8/10_2_13_5_audio.wav,fake_ad,va,M,7,8
469,10,13,2,5,M4,F4,./stim/processed_extracts/fake_ad/8\10_2_13_5_vv.mov,./stim/processed_extracts/audio/8/10_2_13_5_audio.wav,fake_ad,vv,M,7,8
470,10,13,2,5,M4,F4,./stim/processed_extracts/fake_ad/8\10_2_13_5_vva.mov,./stim/processed_extracts/audio/8/10_2_13_5_audio.wav,fake_ad,vva,M,7,8
471,4,8,8,6,F2,M4,./stim/processed_extracts/fake_ad/10\4_8_8_6_va.mov,./stim/processed_extracts/audio/10/4_8_8_6_audio.wav,fake_ad,va,F,11,10
472,4,8,8,6,F2,M4,./stim/processed_extracts/fake_ad/10\4_8_8_6_vv.mov,./stim/processed_extracts/audio/10/4_8_8_6_audio.wav,fake_ad,vv,F,11,10
473,4,8,8,6,F2,M4,./stim/processed_extracts/fake_ad/10\4_8_8_6_vva.mov,./stim/processed_extracts/audio/10/4_8_8_6_audio.wav,fake_ad,vva,F,11,10
474,15,12,4,4,M2,F4,./stim/processed_extracts/fake_ad/11\12_4_15_4_va.mov,./stim/processed_extracts/audio/11/12_4_15_4_audio.wav,fake_ad,va,M,11,11
475,15,12,4,4,M2,F4,./stim/processed_extracts/fake_ad/11\12_4_15_4_vv.mov,./stim/processed_extracts/audio/11/12_4_15_4_audio.wav,fake_ad,vv,M,11,11
476,15,12,4,4,M2,F4,./stim/processed_extracts/fake_ad/11\12_4_15_4_vva.mov,./stim/processed_extracts/audio/11/12_4_15_4_audio.wav,fake_ad,vva,M,11,11
477,6,11,6,4,M1,F4,./stim/processed_extracts/fake_ad/12\6_6_11_4_va.mov,./stim/processed_extracts/audio/12/6_6_11_4_audio.wav,fake_ad,va,M,11,12
478,6,11,6,4,M1,F4,./stim/processed_extracts/fake_ad/12\6_6_11_4_vv.mov,./stim/processed_extracts/audio/12/6_6_11_4_audio.wav,fake_ad,vv,M,11,12
479,6,11,6,4,M1,F4,./stim/processed_extracts/fake_ad/12\6_6_11_4_vva.mov,./stim/processed_extracts/audio/12/6_6_11_4_audio.wav,fake_ad,vva,M,11,12
480,11,5,10,6,F4,M3,./stim/processed_extracts/fake_ad/13\5_6_11_10_va.mov,./stim/processed_extracts/audio/13/5_6_11_10_audio.wav,fake_ad,va,F,11,13
481,11,5,10,6,F4,M3,./stim/processed_extracts/fake_ad/13\5_6_11_10_vv.mov,./stim/processed_extracts/audio/13/5_6_11_10_audio.wav,fake_ad,vv,F,11,13
482,11,5,10,6,F4,M3,./stim/processed_extracts/fake_ad/13\5_6_11_10_vva.mov,./stim/processed_extracts/audio/13/5_6_11_10_audio.wav,fake_ad,vva,F,11,13
483,6,5,2,7,F3,M3,./stim/processed_extracts/fake_ad/14\5_7_6_2_va.mov,./stim/processed_extracts/audio/14/5_7_6_2_audio.wav,fake_ad,va,F,8,14
484,6,5,2,7,F3,M3,./stim/processed_extracts/fake_ad/14\5_7_6_2_vv.mov,./stim/processed_extracts/audio/14/5_7_6_2_audio.wav,fake_ad,vv,F,8,14
485,6,5,2,7,F3,M3,./stim/processed_extracts/fake_ad/14\5_7_6_2_vva.mov,./stim/processed_extracts/audio/14/5_7_6_2_audio.wav,fake_ad,vva,F,8,14
486,4,14,2,4,M2,F3,./stim/processed_extracts/fake_ad/15\4_2_14_4_va.mov,./stim/processed_extracts/audio/15/4_2_14_4_audio.wav,fake_ad,va,M,9,15
487,4,14,2,4,M2,F3,./stim/processed_extracts/fake_ad/15\4_2_14_4_vv.mov,./stim/processed_extracts/audio/15/4_2_14_4_audio.wav,fake_ad,vv,M,9,15
488,4,14,2,4,M2,F3,./stim/processed_extracts/fake_ad/15\4_2_14_4_vva.mov,./stim/processed_extracts/audio/15/4_2_14_4_audio.wav,fake_ad,vva,M,9,15
489,10,13,4,3,F2,M3,./stim/processed_extracts/fake_ad/16\10_4_13_3_va.mov,./stim/processed_extracts/audio/16/10_4_13_3_audio.wav,fake_ad,va,F,8,16
490,10,13,4,3,F2,M3,./stim/processed_extracts/fake_ad/16\10_4_13_3_vv.mov,./stim/processed_extracts/audio/16/10_4_13_3_audio.wav,fake_ad,vv,F,8,16
491,10,13,4,3,F2,M3,./stim/processed_extracts/fake_ad/16\10_4_13_3_vva.mov,./stim/processed_extracts/audio/16/10_4_13_3_audio.wav,fake_ad,vva,F,8,16
492,20,17,2,1,M5,F5,./stim/processed_extracts/fake_ad/18\17_1_20_2_va.mov,./stim/processed_extracts/audio/18/17_1_20_2_audio.wav,fake_ad,va,M,9,18
493,20,17,2,1,M5,F5,./stim/processed_extracts/fake_ad/18\17_1_20_2_vv.mov,./stim/processed_extracts/audio/18/17_1_20_2_audio.wav,fake_ad,vv,M,9,18
494,20,17,2,1,M5,F5,./stim/processed_extracts/fake_ad/18\17_1_20_2_vva.mov,./stim/processed_extracts/audio/18/17_1_20_2_audio.wav,fake_ad,vva,M,9,18
495,17,25,2,2,M6,F6,./stim/processed_extracts/fake_ad/19\17_2_25_2_va.mov,./stim/processed_extracts/audio/19/17_2_25_2_audio.wav,fake_ad,va,M,10,19
496,17,25,2,2,M6,F6,./stim/processed_extracts/fake_ad/19\17_2_25_2_vv.mov,./stim/processed_extracts/audio/19/17_2_25_2_audio.wav,fake_ad,vv,M,10,19
497,17,25,2,2,M6,F6,./stim/processed_extracts/fake_ad/19\17_2_25_2_vva.mov,./stim/processed_extracts/audio/19/17_2_25_2_audio.wav,fake_ad,vva,M,10,19
498,25,18,1,2,M7,F5,./stim/processed_extracts/fake_ad/21\18_2_25_1_va.mov,./stim/processed_extracts/audio/21/18_2_25_1_audio.wav,fake_ad,va,M,8,21
499,25,18,1,2,M7,F5,./stim/processed_extracts/fake_ad/21\18_2_25_1_vv.mov,./stim/processed_extracts/audio/21/18_2_25_1_audio.wav,fake_ad,vv,M,8,21
500,25,18,1,2,M7,F5,./stim/processed_extracts/fake_ad/21\18_2_25_1_vva.mov,./stim/processed_extracts/audio/21/18_2_25_1_audio.wav,fake_ad,vva,M,8,21
501,19,23,3,2,M6,F7,./stim/processed_extracts/fake_ad/22\19_3_23_2_va.mov,./stim/processed_extracts/audio/22/19_3_23_2_audio.wav,fake_ad,va,M,11,22
502,19,23,3,2,M6,F7,./stim/processed_extracts/fake_ad/22\19_3_23_2_vv.mov,./stim/processed_extracts/audio/22/19_3_23_2_audio.wav,fake_ad,vv,M,11,22
503,19,23,3,2,M6,F7,./stim/processed_extracts/fake_ad/22\19_3_23_2_vva.mov,./stim/processed_extracts/audio/22/19_3_23_2_audio.wav,fake_ad,vva,M,11,22
504,22,18,1,5,F7,M5,./stim/processed_extracts/fake_ad/23\18_5_22_1_va.mov,./stim/processed_extracts/audio/23/18_5_22_1_audio.wav,fake_ad,va,F,6,23
505,22,18,1,5,F7,M5,./stim/processed_extracts/fake_ad/23\18_5_22_1_vv.mov,./stim/processed_extracts/audio/23/18_5_22_1_audio.wav,fake_ad,vv,F,6,23
506,22,18,1,5,F7,M5,./stim/processed_extracts/fake_ad/23\18_5_22_1_vva.mov,./stim/processed_extracts/audio/23/18_5_22_1_audio.wav,fake_ad,vva,F,6,23
507,26,21,3,1,M8,F5,./stim/processed_extracts/fake_ad/24\21_1_26_3_va.mov,./stim/processed_extracts/audio/24/21_1_26_3_audio.wav,fake_ad,va,M,8,24
508,26,21,3,1,M8,F5,./stim/processed_extracts/fake_ad/24\21_1_26_3_vv.mov,./stim/processed_extracts/audio/24/21_1_26_3_audio.wav,fake_ad,vv,M,8,24
509,26,21,3,1,M8,F5,./stim/processed_extracts/fake_ad/24\21_1_26_3_vva.mov,./stim/processed_extracts/audio/24/21_1_26_3_audio.wav,fake_ad,vva,M,8,24
510,26,27,5,6,M8,F7,./stim/processed_extracts/fake_ad/28\26_5_27_6_va.mov,./stim/processed_extracts/audio/28/26_5_27_6_audio.wav,fake_ad,va,M,7,28
511,26,27,5,6,M8,F7,./stim/processed_extracts/fake_ad/28\26_5_27_6_vv.mov,./stim/processed_extracts/audio/28/26_5_27_6_audio.wav,fake_ad,vv,M,7,28
512,26,27,5,6,M8,F7,./stim/processed_extracts/fake_ad/28\26_5_27_6_vva.mov,./stim/processed_extracts/audio/28/26_5_27_6_audio.wav,fake_ad,vva,M,7,28
513,36,30,7,2,F8,M9,./stim/processed_extracts/fake_ad/29\30_2_36_7_va.mov,./stim/processed_extracts/audio/29/30_2_36_7_audio.wav,fake_ad,va,F,7,29
514,36,30,7,2,F8,M9,./stim/processed_extracts/fake_ad/29\30_2_36_7_vv.mov,./stim/processed_extracts/audio/29/30_2_36_7_audio.wav,fake_ad,vv,F,7,29
515,36,30,7,2,F8,M9,./stim/processed_extracts/fake_ad/29\30_2_36_7_vva.mov,./stim/processed_extracts/audio/29/30_2_36_7_audio.wav,fake_ad,vva,F,7,29
516,35,34,6,4,F9,M9,./stim/processed_extracts/fake_ad/30\34_4_35_6_va.mov,./stim/processed_extracts/audio/30/34_4_35_6_audio.wav,fake_ad,va,F,9,30
517,35,34,6,4,F9,M9,./stim/processed_extracts/fake_ad/30\34_4_35_6_vv.mov,./stim/processed_extracts/audio/30/34_4_35_6_audio.wav,fake_ad,vv,F,9,30
518,35,34,6,4,F9,M9,./stim/processed_extracts/fake_ad/30\34_4_35_6_vva.mov,./stim/processed_extracts/audio/30/34_4_35_6_audio.wav,fake_ad,vva,F,9,30
519,32,29,4,3,M10,F8,./stim/processed_extracts/fake_ad/31\29_3_32_4_va.mov,./stim/processed_extracts/audio/31/29_3_32_4_audio.wav,fake_ad,va,M,11,31
520,32,29,4,3,M10,F8,./stim/processed_extracts/fake_ad/31\29_3_32_4_vv.mov,./stim/processed_extracts/audio/31/29_3_32_4_audio.wav,fake_ad,vv,M,11,31
521,32,29,4,3,M10,F8,./stim/processed_extracts/fake_ad/31\29_3_32_4_vva.mov,./stim/processed_extracts/audio/31/29_3_32_4_audio.wav,fake_ad,vva,M,11,31
522,30,31,1,6,F9,M10,./stim/processed_extracts/fake_ad/32\30_1_31_6_va.mov,./stim/processed_extracts/audio/32/30_1_31_6_audio.wav,fake_ad,va,F,9,32
523,30,31,1,6,F9,M10,./stim/processed_extracts/fake_ad/32\30_1_31_6_vv.mov,./stim/processed_extracts/audio/32/30_1_31_6_audio.wav,fake_ad,vv,F,9,32
524,30,31,1,6,F9,M10,./stim/processed_extracts/fake_ad/32\30_1_31_6_vva.mov,./stim/processed_extracts/audio/32/30_1_31_6_audio.wav,fake_ad,vva,F,9,32
525,34,37,3,5,M9,F11,./stim/processed_extracts/fake_ad/33\34_3_37_5_va.mov,./stim/processed_extracts/audio/33/34_3_37_5_audio.wav,fake_ad,va,M,10,33
526,34,37,3,5,M9,F11,./stim/processed_extracts/fake_ad/33\34_3_37_5_vv.mov,./stim/processed_extracts/audio/33/34_3_37_5_audio.wav,fake_ad,vv,M,10,33
527,34,37,3,5,M9,F11,./stim/processed_extracts/fake_ad/33\34_3_37_5_vva.mov,./stim/processed_extracts/audio/33/34_3_37_5_audio.wav,fake_ad,vva,M,10,33
528,33,40,1,6,M9,F10,./stim/processed_extracts/fake_ad/34\33_1_40_6_va.mov,./stim/processed_extracts/audio/34/33_1_40_6_audio.wav,fake_ad,va,M,9,34
529,33,40,1,6,M9,F10,./stim/processed_extracts/fake_ad/34\33_1_40_6_vv.mov,./stim/processed_extracts/audio/34/33_1_40_6_audio.wav,fake_ad,vv,M,9,34
530,33,40,1,6,M9,F10,./stim/processed_extracts/fake_ad/34\33_1_40_6_vva.mov,./stim/processed_extracts/audio/34/33_1_40_6_audio.wav,fake_ad,vva,M,9,34
531,41,38,2,2,M11,F8,./stim/processed_extracts/fake_ad/36\38_2_41_2_va.mov,./stim/processed_extracts/audio/36/38_2_41_2_audio.wav,fake_ad,va,M,10,36
532,41,38,2,2,M11,F8,./stim/processed_extracts/fake_ad/36\38_2_41_2_vv.mov,./stim/processed_extracts/audio/36/38_2_41_2_audio.wav,fake_ad,vv,M,10,36
533,41,38,2,2,M11,F8,./stim/processed_extracts/fake_ad/36\38_2_41_2_vva.mov,./stim/processed_extracts/audio/36/38_2_41_2_audio.wav,fake_ad,vva,M,10,36
534,31,33,4,2,M10,F11,./stim/processed_extracts/fake_ad/37\31_4_33_2_va.mov,./stim/processed_extracts/audio/37/31_4_33_2_audio.wav,fake_ad,va,M,7,37
535,31,33,4,2,M10,F11,./stim/processed_extracts/fake_ad/37\31_4_33_2_vv.mov,./stim/processed_extracts/audio/37/31_4_33_2_audio.wav,fake_ad,vv,M,7,37
536,31,33,4,2,M10,F11,./stim/processed_extracts/fake_ad/37\31_4_33_2_vva.mov,./stim/processed_extracts/audio/37/31_4_33_2_audio.wav,fake_ad,vva,M,7,37
537,39,36,2,2,M12,F8,./stim/processed_extracts/fake_ad/38\36_2_39_2_va.mov,./stim/processed_extracts/audio/38/36_2_39_2_audio.wav,fake_ad,va,M,8,38
538,39,36,2,2,M12,F8,./stim/processed_extracts/fake_ad/38\36_2_39_2_vv.mov,./stim/processed_extracts/audio/38/36_2_39_2_audio.wav,fake_ad,vv,M,8,38
539,39,36,2,2,M12,F8,./stim/processed_extracts/fake_ad/38\36_2_39_2_vva.mov,./stim/processed_extracts/audio/38/36_2_39_2_audio.wav,fake_ad,vva,M,8,38
540,35,44,7,1,F9,M12,./stim/processed_extracts/fake_ad/39\35_7_44_1_va.mov,./stim/processed_extracts/audio/39/35_7_44_1_audio.wav,fake_ad,va,F,8,39
541,35,44,7,1,F9,M12,./stim/processed_extracts/fake_ad/39\35_7_44_1_vv.mov,./stim/processed_extracts/audio/39/35_7_44_1_audio.wav,fake_ad,vv,F,8,39
542,35,44,7,1,F9,M12,./stim/processed_extracts/fake_ad/39\35_7_44_1_vva.mov,./stim/processed_extracts/audio/39/35_7_44_1_audio.wav,fake_ad,vva,F,8,39
543,31,34,2,1,M10,F10,./stim/processed_extracts/fake_ad/40\31_2_34_1_va.mov,./stim/processed_extracts/audio/40/31_2_34_1_audio.wav,fake_ad,va,M,7,40
544,31,34,2,1,M10,F10,./stim/processed_extracts/fake_ad/40\31_2_34_1_vv.mov,./stim/processed_extracts/audio/40/31_2_34_1_audio.wav,fake_ad,vv,M,7,40
545,31,34,2,1,M10,F10,./stim/processed_extracts/fake_ad/40\31_2_34_1_vva.mov,./stim/processed_extracts/audio/40/31_2_34_1_audio.wav,fake_ad,vva,M,7,40
546,36,42,5,2,M11,F11,./stim/processed_extracts/fake_ad/41\36_5_42_2_va.mov,./stim/processed_extracts/audio/41/36_5_42_2_audio.wav,fake_ad,va,M,12,41
547,36,42,5,2,M11,F11,./stim/processed_extracts/fake_ad/41\36_5_42_2_vv.mov,./stim/processed_extracts/audio/41/36_5_42_2_audio.wav,fake_ad,vv,M,12,41
548,36,42,5,2,M11,F11,./stim/processed_extracts/fake_ad/41\36_5_42_2_vva.mov,./stim/processed_extracts/audio/41/36_5_42_2_audio.wav,fake_ad,vva,M,12,41
549,38,37,1,3,M12,F11,./stim/processed_extracts/fake_ad/42\37_3_38_1_va.mov,./stim/processed_extracts/audio/42/37_3_38_1_audio.wav,fake_ad,va,M,8,42
550,38,37,1,3,M12,F11,./stim/processed_extracts/fake_ad/42\37_3_38_1_vv.mov,./stim/processed_extracts/audio/42/37_3_38_1_audio.wav,fake_ad,vv,M,8,42
551,38,37,1,3,M12,F11,./stim/processed_extracts/fake_ad/42\37_3_38_1_vva.mov,./stim/processed_extracts/audio/42/37_3_38_1_audio.wav,fake_ad,vva,M,8,42
552,40,35,3,4,F10,M11,./stim/processed_extracts/fake_ad/43\35_4_40_3_va.mov,./stim/processed_extracts/audio/43/35_4_40_3_audio.wav,fake_ad,va,F,13,43
553,40,35,3,4,F10,M11,./stim/processed_extracts/fake_ad/43\35_4_40_3_vv.mov,./stim/processed_extracts/audio/43/35_4_40_3_audio.wav,fake_ad,vv,F,13,43
554,40,35,3,4,F10,M11,./stim/processed_extracts/fake_ad/43\35_4_40_3_vva.mov,./stim/processed_extracts/audio/43/35_4_40_3_audio.wav,fake_ad,vva,F,13,43
555,42,43,1,1,M12,F10,./stim/processed_extracts/fake_ad/44\42_1_43_1_va.mov,./stim/processed_extracts/audio/44/42_1_43_1_audio.wav,fake_ad,va,M,11,44
556,42,43,1,1,M12,F10,./stim/processed_extracts/fake_ad/44\42_1_43_1_vv.mov,./stim/processed_extracts/audio/44/42_1_43_1_audio.wav,fake_ad,vv,M,11,44
557,42,43,1,1,M12,F10,./stim/processed_extracts/fake_ad/44\42_1_43_1_vva.mov,./stim/processed_extracts/audio/44/42_1_43_1_audio.wav,fake_ad,vva,M,11,44
558,46,47,1,1,F12,M13,./stim/processed_extracts/fake_ad/45\46_1_47_1_va.mov,./stim/processed_extracts/audio/45/46_1_47_1_audio.wav,fake_ad,va,F,10,45
559,46,47,1,1,F12,M13,./stim/processed_extracts/fake_ad/45\46_1_47_1_vv.mov,./stim/processed_extracts/audio/45/46_1_47_1_audio.wav,fake_ad,vv,F,10,45
560,46,47,1,1,F12,M13,./stim/processed_extracts/fake_ad/45\46_1_47_1_vva.mov,./stim/processed_extracts/audio/45/46_1_47_1_audio.wav,fake_ad,vva,F,10,45
561,45,48,5,1,F12,M14,./stim/processed_extracts/fake_ad/46\45_5_48_1_va.mov,./stim/processed_extracts/audio/46/45_5_48_1_audio.wav,fake_ad,va,F,8,46
562,45,48,5,1,F12,M14,./stim/processed_extracts/fake_ad/46\45_5_48_1_vv.mov,./stim/processed_extracts/audio/46/45_5_48_1_audio.wav,fake_ad,vv,F,8,46
563,45,48,5,1,F12,M14,./stim/processed_extracts/fake_ad/46\45_5_48_1_vva.mov,./stim/processed_extracts/audio/46/45_5_48_1_audio.wav,fake_ad,vva,F,8,46
564,56,45,4,1,F13,M13,./stim/processed_extracts/fake_ad/47\45_1_56_4_va.mov,./stim/processed_extracts/audio/47/45_1_56_4_audio.wav,fake_ad,va,F,9,47
565,56,45,4,1,F13,M13,./stim/processed_extracts/fake_ad/47\45_1_56_4_vv.mov,./stim/processed_extracts/audio/47/45_1_56_4_audio.wav,fake_ad,vv,F,9,47
566,56,45,4,1,F13,M13,./stim/processed_extracts/fake_ad/47\45_1_56_4_vva.mov,./stim/processed_extracts/audio/47/45_1_56_4_audio.wav,fake_ad,vva,F,9,47
567,47,55,4,2,F13,M14,./stim/processed_extracts/fake_ad/48\47_4_55_2_va.mov,./stim/processed_extracts/audio/48/47_4_55_2_audio.wav,fake_ad,va,F,8,48
568,47,55,4,2,F13,M14,./stim/processed_extracts/fake_ad/48\47_4_55_2_vv.mov,./stim/processed_extracts/audio/48/47_4_55_2_audio.wav,fake_ad,vv,F,8,48
569,47,55,4,2,F13,M14,./stim/processed_extracts/fake_ad/48\47_4_55_2_vva.mov,./stim/processed_extracts/audio/48/47_4_55_2_audio.wav,fake_ad,vva,F,8,48
570,58,52,4,1,M15,F12,./stim/processed_extracts/fake_ad/49\52_1_58_4_va.mov,./stim/processed_extracts/audio/49/52_1_58_4_audio.wav,fake_ad,va,M,7,49
571,58,52,4,1,M15,F12,./stim/processed_extracts/fake_ad/49\52_1_58_4_vv.mov,./stim/processed_extracts/audio/49/52_1_58_4_audio.wav,fake_ad,vv,M,7,49
572,58,52,4,1,M15,F12,./stim/processed_extracts/fake_ad/49\52_1_58_4_vva.mov,./stim/processed_extracts/audio/49/52_1_58_4_audio.wav,fake_ad,vva,M,7,49
573,54,51,4,1,M13,F14,./stim/processed_extracts/fake_ad/50\51_1_54_4_va.mov,./stim/processed_extracts/audio/50/51_1_54_4_audio.wav,fake_ad,va,M,8,50
574,54,51,4,1,M13,F14,./stim/processed_extracts/fake_ad/50\51_1_54_4_vv.mov,./stim/processed_extracts/audio/50/51_1_54_4_audio.wav,fake_ad,vv,M,8,50
575,54,51,4,1,M13,F14,./stim/processed_extracts/fake_ad/50\51_1_54_4_vva.mov,./stim/processed_extracts/audio/50/51_1_54_4_audio.wav,fake_ad,vva,M,8,50
576,55,50,5,2,M14,F14,./stim/processed_extracts/fake_ad/51\50_2_55_5_va.mov,./stim/processed_extracts/audio/51/50_2_55_5_audio.wav,fake_ad,va,M,14,51
577,55,50,5,2,M14,F14,./stim/processed_extracts/fake_ad/51\50_2_55_5_vv.mov,./stim/processed_extracts/audio/51/50_2_55_5_audio.wav,fake_ad,vv,M,14,51
578,55,50,5,2,M14,F14,./stim/processed_extracts/fake_ad/51\50_2_55_5_vva.mov,./stim/processed_extracts/audio/51/50_2_55_5_audio.wav,fake_ad,vva,M,14,51
579,46,56,3,5,F12,M16,./stim/processed_extracts/fake_ad/52\46_3_56_5_va.mov,./stim/processed_extracts/audio/52/46_3_56_5_audio.wav,fake_ad,va,F,12,52
580,46,56,3,5,F12,M16,./stim/processed_extracts/fake_ad/52\46_3_56_5_vv.mov,./stim/processed_extracts/audio/52/46_3_56_5_audio.wav,fake_ad,vv,F,12,52
581,46,56,3,5,F12,M16,./stim/processed_extracts/fake_ad/52\46_3_56_5_vva.mov,./stim/processed_extracts/audio/52/46_3_56_5_audio.wav,fake_ad,vva,F,12,52
582,47,49,2,3,F13,M15,./stim/processed_extracts/fake_ad/53\47_2_49_3_va.mov,./stim/processed_extracts/audio/53/47_2_49_3_audio.wav,fake_ad,va,F,7,53
583,47,49,2,3,F13,M15,./stim/processed_extracts/fake_ad/53\47_2_49_3_vv.mov,./stim/processed_extracts/audio/53/47_2_49_3_audio.wav,fake_ad,vv,F,7,53
584,47,49,2,3,F13,M15,./stim/processed_extracts/fake_ad/53\47_2_49_3_vva.mov,./stim/processed_extracts/audio/53/47_2_49_3_audio.wav,fake_ad,vva,F,7,53
585,60,48,2,7,F15,M14,./stim/processed_extracts/fake_ad/55\48_7_60_2_va.mov,./stim/processed_extracts/audio/55/48_7_60_2_audio.wav,fake_ad,va,F,11,55
586,60,48,2,7,F15,M14,./stim/processed_extracts/fake_ad/55\48_7_60_2_vv.mov,./stim/processed_extracts/audio/55/48_7_60_2_audio.wav,fake_ad,vv,F,11,55
587,60,48,2,7,F15,M14,./stim/processed_extracts/fake_ad/55\48_7_60_2_vva.mov,./stim/processed_extracts/audio/55/48_7_60_2_audio.wav,fake_ad,vva,F,11,55
588,49,51,4,2,M15,F14,./stim/processed_extracts/fake_ad/57\49_4_51_2_va.mov,./stim/processed_extracts/audio/57/49_4_51_2_audio.wav,fake_ad,va,M,7,57
589,49,51,4,2,M15,F14,./stim/processed_extracts/fake_ad/57\49_4_51_2_vv.mov,./stim/processed_extracts/audio/57/49_4_51_2_audio.wav,fake_ad,vv,M,7,57
590,49,51,4,2,M15,F14,./stim/processed_extracts/fake_ad/57\49_4_51_2_vva.mov,./stim/processed_extracts/audio/57/49_4_51_2_audio.wav,fake_ad,vva,M,7,57
591,49,60,6,7,M15,F15,./stim/processed_extracts/fake_ad/58\49_6_60_7_va.mov,./stim/processed_extracts/audio/58/49_6_60_7_audio.wav,fake_ad,va,M,17,58
592,49,60,6,7,M15,F15,./stim/processed_extracts/fake_ad/58\49_6_60_7_vv.mov,./stim/processed_extracts/audio/58/49_6_60_7_audio.wav,fake_ad,vv,M,17,58
593,49,60,6,7,M15,F15,./stim/processed_extracts/fake_ad/58\49_6_60_7_vva.mov,./stim/processed_extracts/audio/58/49_6_60_7_audio.wav,fake_ad,vva,M,17,58
594,60,57,3,2,M16,F14,./stim/processed_extracts/fake_ad/59\57_2_60_3_va.mov,./stim/processed_extracts/audio/59/57_2_60_3_audio.wav,fake_ad,va,M,11,59
595,60,57,3,2,M16,F14,./stim/processed_extracts/fake_ad/59\57_2_60_3_vv.mov,./stim/processed_extracts/audio/59/57_2_60_3_audio.wav,fake_ad,vv,M,11,59
596,60,57,3,2,M16,F14,./stim/processed_extracts/fake_ad/59\57_2_60_3_vva.mov,./stim/processed_extracts/audio/59/57_2_60_3_audio.wav,fake_ad,vva,M,11,59
597,59,55,2,3,M16,F15,./stim/processed_extracts/fake_ad/60\55_3_59_2_va.mov,./stim/processed_extracts/audio/60/55_3_59_2_audio.wav,fake_ad,va,M,7,60
598,59,55,2,3,M16,F15,./stim/processed_extracts/fake_ad/60\55_3_59_2_vv.mov,./stim/processed_extracts/audio/60/55_3_59_2_audio.wav,fake_ad,vv,M,7,60
599,59,55,2,3,M16,F15,./stim/processed_extracts/fake_ad/60\55_3_59_2_vva.mov,./stim/processed_extracts/audio/60/55_3_59_2_audio.wav,fake_ad,vva,M,7,60
